respondent_id,age_group,gender,education,region,media_type,content_preference,hours_per_week,satisfaction,recommends
1,45-59,ženski,osnovna,Zagreb,TV,zabava,10.4,4,True
2,18-29,muški,srednja,Zagreb,podcast,edukacija,3.4,4,False
3,45-59,ženski,visoka,Primorje,streaming,vijesti,10.6,3,False
4,45-59,muški,osnovna,Zagreb,TV,vijesti,7.7,4,False
5,30-44,ženski,visoka,Slavonija,web_portal,kultura,3.1,3,False
6,30-44,muški,visoka,Dalmacija,streaming,kultura,8.3,2,False
7,30-44,ženski,srednja,Zagreb,web_portal,sport,5.7,4,True
8,60+,muški,osnovna,Sjeverozapad,TV,sport,7.3,4,True
9,18-29,muški,viša,Slavonija,web_portal,zabava,6.4,4,True
10,60+,ženski,osnovna,Slavonija,radio,vijesti,7.5,4,True
11,45-59,ženski,srednja,Sjeverozapad,TV,vijesti,11.9,3,False
12,18-29,muški,viša,Zagreb,podcast,kultura,3.3,3,False
13,60+,ženski,viša,Zagreb,TV,sport,8.3,5,True
14,18-29,ženski,viša,Slavonija,tisak,zabava,2.7,4,True
15,18-29,muški,srednja,Zagreb,TV,sport,11.6,2,True
16,30-44,muški,visoka,Dalmacija,streaming,vijesti,8.2,4,True
17,60+,ženski,srednja,Primorje,TV,edukacija,9.5,3,True
18,30-44,ženski,srednja,Zagreb,podcast,kultura,4.4,5,True
19,45-59,ženski,viša,Primorje,TV,zabava,5.0,3,False
20,18-29,muški,srednja,Sjeverozapad,web_portal,zabava,9.0,2,True
21,18-29,muški,srednja,Dalmacija,TV,zabava,11.9,4,True
22,45-59,ženski,srednja,Slavonija,streaming,kultura,9.9,4,True
23,30-44,muški,srednja,Zagreb,podcast,kultura,1.9,2,True
24,45-59,ženski,visoka,Dalmacija,streaming,edukacija,4.3,3,False
25,18-29,ženski,visoka,Slavonija,podcast,zabava,5.1,4,True
26,60+,ženski,viša,Zagreb,TV,edukacija,12.4,5,True
27,18-29,muški,viša,Zagreb,web_portal,sport,4.8,4,True
28,18-29,ženski,srednja,Dalmacija,streaming,vijesti,10.0,3,True
29,18-29,muški,viša,Zagreb,streaming,vijesti,8.9,4,False
30,60+,ženski,srednja,Primorje,podcast,vijesti,5.5,4,True
31,18-29,muški,srednja,Slavonija,streaming,sport,4.8,5,True
32,45-59,muški,viša,Slavonija,radio,zabava,2.6,2,True
33,30-44,ženski,srednja,Primorje,radio,vijesti,3.2,4,True
34,45-59,muški,srednja,Zagreb,podcast,vijesti,2.5,3,True
35,18-29,ženski,srednja,Sjeverozapad,streaming,vijesti,4.6,5,True
36,60+,muški,osnovna,Zagreb,radio,kultura,3.7,4,False
37,45-59,muški,viša,Zagreb,radio,edukacija,9.2,4,True
38,60+,muški,viša,Primorje,tisak,vijesti,2.7,3,True
39,30-44,muški,visoka,Zagreb,TV,zabava,15.1,3,False
40,45-59,muški,srednja,Zagreb,TV,edukacija,18.5,5,True
41,30-44,muški,srednja,Zagreb,streaming,zabava,6.3,3,True
42,60+,muški,srednja,Slavonija,TV,zabava,16.4,2,True
43,18-29,muški,visoka,Sjeverozapad,streaming,zabava,8.7,3,True
44,18-29,ženski,viša,Dalmacija,streaming,zabava,7.1,4,True
45,30-44,ženski,srednja,Dalmacija,web_portal,zabava,2.9,3,True
46,30-44,muški,visoka,Zagreb,web_portal,sport,7.2,2,True
47,30-44,ženski,srednja,Primorje,radio,sport,3.3,2,False
48,45-59,muški,viša,Dalmacija,TV,sport,8.6,4,True
49,18-29,muški,visoka,Zagreb,podcast,sport,5.1,4,False
50,30-44,muški,visoka,Primorje,streaming,zabava,6.6,4,True
51,18-29,muški,viša,Zagreb,radio,zabava,4.7,4,True
52,60+,ženski,srednja,Slavonija,radio,kultura,8.0,5,False
53,45-59,ženski,srednja,Primorje,TV,vijesti,9.3,4,True
54,45-59,muški,viša,Zagreb,streaming,vijesti,5.2,3,False
55,30-44,ženski,srednja,Zagreb,web_portal,edukacija,4.9,3,True
56,30-44,muški,viša,Primorje,streaming,kultura,8.9,4,False
57,18-29,muški,visoka,Primorje,podcast,vijesti,5.7,4,True
58,60+,ženski,osnovna,Zagreb,radio,vijesti,7.2,4,True
59,45-59,ženski,srednja,Sjeverozapad,podcast,zabava,4.1,5,True
60,18-29,muški,srednja,Zagreb,streaming,kultura,9.2,3,False
61,45-59,ženski,visoka,Sjeverozapad,podcast,sport,6.3,5,True
62,30-44,ženski,srednja,Zagreb,web_portal,vijesti,3.0,4,True
63,45-59,ženski,osnovna,Sjeverozapad,TV,sport,7.4,3,False
64,45-59,ženski,visoka,Zagreb,web_portal,vijesti,2.6,5,False
65,18-29,ženski,visoka,Zagreb,streaming,zabava,3.5,4,False
66,18-29,muški,viša,Primorje,streaming,zabava,9.5,3,True
67,45-59,muški,srednja,Sjeverozapad,radio,vijesti,6.2,4,True
68,45-59,ženski,viša,Sjeverozapad,web_portal,vijesti,4.7,3,True
69,18-29,muški,visoka,Dalmacija,streaming,kultura,5.5,5,True
70,45-59,muški,visoka,Zagreb,TV,vijesti,11.9,5,False
71,18-29,ženski,srednja,Slavonija,web_portal,zabava,3.6,3,True
72,45-59,ženski,visoka,Zagreb,tisak,vijesti,2.0,4,True
73,18-29,ženski,srednja,Zagreb,web_portal,sport,7.4,3,True
74,60+,ženski,visoka,Sjeverozapad,radio,edukacija,8.6,4,True
75,60+,muški,srednja,Dalmacija,TV,zabava,9.3,2,True
76,60+,muški,srednja,Zagreb,radio,vijesti,5.6,4,True
77,18-29,ženski,srednja,Dalmacija,web_portal,sport,4.8,3,True
78,60+,muški,osnovna,Zagreb,TV,zabava,14.8,4,True
79,18-29,muški,viša,Sjeverozapad,podcast,kultura,3.3,3,False
80,30-44,ženski,srednja,Sjeverozapad,podcast,edukacija,6.3,5,True
81,30-44,muški,srednja,Dalmacija,radio,zabava,5.9,4,True
82,60+,muški,srednja,Dalmacija,TV,vijesti,6.8,5,True
83,45-59,muški,viša,Dalmacija,TV,edukacija,11.7,4,True
84,45-59,muški,viša,Primorje,tisak,edukacija,3.6,3,True
85,30-44,ženski,srednja,Zagreb,radio,vijesti,6.4,3,False
86,45-59,muški,visoka,Primorje,web_portal,edukacija,5.1,5,True
87,30-44,ženski,srednja,Sjeverozapad,podcast,edukacija,2.5,3,False
88,45-59,muški,srednja,Primorje,streaming,kultura,9.9,4,True
89,30-44,ženski,viša,Slavonija,web_portal,kultura,3.1,3,False
90,18-29,muški,viša,Zagreb,podcast,zabava,3.5,5,True
91,60+,muški,srednja,Slavonija,web_portal,vijesti,6.7,2,True
92,60+,ženski,viša,Sjeverozapad,TV,kultura,12.0,3,True
93,60+,muški,visoka,Zagreb,radio,kultura,5.7,2,False
94,45-59,ženski,viša,Slavonija,radio,kultura,8.1,5,True
95,30-44,muški,viša,Zagreb,podcast,kultura,3.7,4,True
96,30-44,ženski,osnovna,Sjeverozapad,streaming,zabava,7.3,4,True
97,45-59,ženski,srednja,Slavonija,TV,sport,12.9,3,True
98,18-29,ženski,srednja,Dalmacija,streaming,vijesti,6.7,3,True
99,45-59,muški,srednja,Zagreb,TV,edukacija,12.0,4,True
100,30-44,muški,visoka,Dalmacija,web_portal,kultura,5.1,4,True
101,45-59,muški,osnovna,Slavonija,web_portal,edukacija,5.8,3,False
102,30-44,ženski,visoka,Sjeverozapad,TV,edukacija,9.0,4,True
103,45-59,muški,viša,Slavonija,streaming,kultura,5.0,3,True
104,30-44,muški,visoka,Slavonija,web_portal,sport,9.1,4,True
105,30-44,muški,viša,Dalmacija,podcast,zabava,4.6,4,True
106,18-29,ženski,srednja,Zagreb,streaming,zabava,12.3,3,False
107,45-59,ženski,visoka,Sjeverozapad,podcast,vijesti,1,3,True
108,45-59,ženski,viša,Slavonija,podcast,kultura,1,3,False
109,18-29,ženski,viša,Primorje,podcast,zabava,4.5,4,False
110,18-29,ženski,visoka,Zagreb,streaming,zabava,6.8,5,True
111,30-44,ženski,viša,Slavonija,podcast,sport,4.9,5,True
112,30-44,ženski,viša,Sjeverozapad,web_portal,edukacija,4.0,4,False
113,18-29,muški,visoka,Slavonija,streaming,zabava,9.1,5,True
114,18-29,ženski,osnovna,Sjeverozapad,web_portal,zabava,2.8,3,True
115,60+,ženski,viša,Dalmacija,tisak,edukacija,3.7,2,False
116,45-59,ženski,srednja,Dalmacija,streaming,zabava,7.9,3,False
117,18-29,ženski,viša,Dalmacija,podcast,vijesti,4.6,4,True
118,45-59,ženski,osnovna,Dalmacija,TV,zabava,13.3,4,False
119,18-29,ženski,visoka,Slavonija,web_portal,zabava,7.6,2,False
120,18-29,muški,viša,Zagreb,web_portal,zabava,6.0,4,False
121,45-59,ženski,viša,Dalmacija,TV,edukacija,11.7,4,True
122,45-59,muški,visoka,Sjeverozapad,TV,vijesti,17.9,3,False
123,45-59,ženski,viša,Sjeverozapad,web_portal,vijesti,5.8,3,True
124,45-59,muški,srednja,Dalmacija,tisak,vijesti,3.9,4,True
125,60+,ženski,osnovna,Slavonija,radio,sport,11.8,5,True
126,18-29,muški,srednja,Sjeverozapad,streaming,sport,10.9,3,True
127,18-29,ženski,srednja,Zagreb,streaming,kultura,4.6,3,True
128,60+,muški,viša,Dalmacija,radio,sport,8.0,4,True
129,30-44,ženski,visoka,Dalmacija,TV,vijesti,6.3,4,False
130,30-44,ženski,srednja,Sjeverozapad,web_portal,sport,5.6,1,True
131,45-59,muški,viša,Sjeverozapad,web_portal,edukacija,7.2,5,True
132,30-44,ženski,viša,Zagreb,web_portal,sport,5.9,2,False
133,45-59,ženski,srednja,Dalmacija,streaming,zabava,5.9,4,True
134,18-29,ženski,srednja,Sjeverozapad,tisak,kultura,2.5,4,True
135,18-29,muški,srednja,Dalmacija,tisak,sport,2.2,5,True
136,30-44,ženski,srednja,Zagreb,podcast,zabava,3.1,3,False
137,60+,muški,viša,Zagreb,TV,vijesti,7.4,4,False
138,18-29,ženski,srednja,Zagreb,web_portal,zabava,8.2,3,False
139,45-59,ženski,viša,Dalmacija,streaming,sport,11.1,4,True
140,60+,muški,srednja,Slavonija,TV,kultura,10.5,4,True
141,30-44,muški,visoka,Zagreb,podcast,vijesti,3.4,4,True
142,60+,ženski,srednja,Zagreb,TV,edukacija,5.1,5,False
143,60+,muški,srednja,Slavonija,TV,vijesti,14.5,3,False
144,30-44,ženski,srednja,Slavonija,streaming,zabava,2.9,5,True
145,18-29,ženski,srednja,Zagreb,streaming,zabava,2.8,5,True
146,60+,muški,osnovna,Zagreb,TV,sport,6.9,3,False
147,45-59,ženski,osnovna,Zagreb,TV,sport,9.8,2,True
148,45-59,muški,srednja,Sjeverozapad,streaming,edukacija,6.4,3,True
149,45-59,ženski,visoka,Sjeverozapad,TV,vijesti,17.5,3,True
150,60+,ženski,visoka,Sjeverozapad,radio,vijesti,5.1,3,True
151,18-29,muški,srednja,Sjeverozapad,tisak,sport,3.3,3,True
152,45-59,muški,viša,Slavonija,streaming,zabava,8.8,3,False
153,45-59,muški,srednja,Slavonija,web_portal,vijesti,7.0,4,False
154,45-59,muški,visoka,Zagreb,web_portal,sport,6.3,3,False
155,18-29,ženski,visoka,Zagreb,streaming,zabava,10.6,3,False
156,45-59,ženski,viša,Slavonija,podcast,vijesti,2.7,3,False
157,18-29,muški,visoka,Dalmacija,web_portal,zabava,6.1,5,True
158,18-29,ženski,srednja,Zagreb,streaming,edukacija,6.3,3,True
159,30-44,ženski,visoka,Primorje,radio,vijesti,5.3,3,True
160,30-44,ženski,srednja,Sjeverozapad,streaming,edukacija,6.8,4,True
161,30-44,ženski,srednja,Slavonija,podcast,vijesti,5.9,5,True
162,30-44,muški,viša,Dalmacija,podcast,vijesti,2.7,5,True
163,45-59,ženski,osnovna,Dalmacija,TV,kultura,11.8,4,True
164,30-44,muški,viša,Primorje,streaming,vijesti,11.5,4,True
165,18-29,ženski,visoka,Zagreb,streaming,edukacija,9.2,2,True
166,45-59,muški,srednja,Zagreb,TV,vijesti,9.3,5,True
167,30-44,ženski,viša,Zagreb,web_portal,zabava,1.4,3,False
168,45-59,muški,srednja,Slavonija,streaming,sport,10.2,3,False
169,45-59,muški,srednja,Zagreb,podcast,edukacija,3.3,5,False
170,18-29,muški,viša,Dalmacija,web_portal,vijesti,7.9,4,True
171,45-59,ženski,srednja,Dalmacija,TV,zabava,8.5,4,False
172,30-44,ženski,osnovna,Primorje,podcast,vijesti,5.3,5,True
173,30-44,ženski,visoka,Zagreb,web_portal,edukacija,3.6,3,False
174,60+,ženski,viša,Primorje,podcast,vijesti,7.2,5,True
175,30-44,muški,srednja,Sjeverozapad,podcast,sport,2.0,3,True
176,60+,muški,visoka,Slavonija,tisak,vijesti,2.1,2,False
177,45-59,ženski,viša,Zagreb,web_portal,sport,7.6,2,True
178,18-29,muški,srednja,Dalmacija,web_portal,vijesti,8.5,3,False
179,60+,ženski,visoka,Zagreb,radio,zabava,4.0,4,False
180,45-59,muški,viša,Slavonija,TV,kultura,8.1,4,False
181,60+,ženski,srednja,Dalmacija,radio,vijesti,10.5,4,True
182,45-59,muški,viša,Slavonija,radio,zabava,11.1,4,True
183,60+,ženski,visoka,Slavonija,web_portal,zabava,9.0,5,True
184,45-59,ženski,visoka,Primorje,TV,zabava,9.3,4,False
185,30-44,ženski,viša,Zagreb,web_portal,vijesti,7.9,4,False
186,18-29,muški,srednja,Zagreb,radio,sport,6.2,4,False
187,60+,muški,srednja,Zagreb,TV,kultura,1,4,True
188,18-29,ženski,viša,Dalmacija,web_portal,edukacija,10.6,3,True
189,18-29,ženski,visoka,Slavonija,web_portal,sport,4.4,2,False
190,60+,ženski,visoka,Sjeverozapad,web_portal,sport,8.4,4,False
191,45-59,ženski,viša,Zagreb,radio,vijesti,6.5,3,False
192,45-59,muški,visoka,Sjeverozapad,web_portal,vijesti,8.1,3,False
193,60+,ženski,visoka,Zagreb,tisak,zabava,4.2,2,False
194,45-59,ženski,viša,Slavonija,web_portal,zabava,3.8,5,False
195,18-29,ženski,viša,Slavonija,podcast,vijesti,7.1,3,True
196,45-59,muški,visoka,Dalmacija,radio,kultura,3.1,2,False
197,30-44,ženski,srednja,Slavonija,TV,edukacija,11.9,5,False
198,60+,ženski,srednja,Zagreb,TV,edukacija,9.7,4,True
199,18-29,ženski,visoka,Slavonija,podcast,vijesti,4.6,4,True
200,30-44,muški,viša,Sjeverozapad,web_portal,sport,1.2,3,True
201,60+,ženski,osnovna,Sjeverozapad,TV,vijesti,6.0,5,True
202,60+,muški,visoka,Sjeverozapad,web_portal,edukacija,5.1,5,True
203,18-29,ženski,srednja,Dalmacija,streaming,sport,8.4,3,True
204,18-29,muški,visoka,Slavonija,streaming,kultura,8.7,4,True
205,18-29,muški,srednja,Zagreb,streaming,kultura,6.2,5,True
206,60+,muški,visoka,Zagreb,TV,kultura,12.4,2,False
207,18-29,muški,viša,Dalmacija,TV,edukacija,4.4,4,False
208,45-59,ženski,viša,Zagreb,TV,edukacija,10.2,3,True
209,30-44,ženski,viša,Sjeverozapad,streaming,vijesti,2.7,5,True
210,30-44,muški,srednja,Zagreb,web_portal,zabava,8.9,3,True
211,30-44,muški,visoka,Zagreb,podcast,vijesti,5.2,3,True
212,30-44,muški,srednja,Dalmacija,TV,zabava,14.0,3,False
213,18-29,ženski,srednja,Primorje,streaming,vijesti,4.6,4,True
214,60+,ženski,viša,Zagreb,TV,zabava,7.2,5,False
215,18-29,ženski,visoka,Slavonija,streaming,sport,14.6,5,True
216,60+,ženski,osnovna,Sjeverozapad,streaming,vijesti,7.6,3,False
217,30-44,muški,srednja,Zagreb,TV,kultura,10.1,2,True
218,60+,muški,srednja,Primorje,radio,kultura,5.9,5,True
219,45-59,ženski,viša,Dalmacija,TV,vijesti,4.4,4,True
220,30-44,ženski,visoka,Primorje,streaming,vijesti,4.0,4,True
221,60+,muški,srednja,Zagreb,TV,edukacija,19.3,4,True
222,60+,ženski,viša,Primorje,TV,vijesti,13.1,4,True
223,30-44,muški,viša,Sjeverozapad,podcast,vijesti,5.1,5,True
224,60+,muški,osnovna,Zagreb,TV,zabava,18.0,3,True
225,30-44,ženski,visoka,Zagreb,TV,sport,17.1,5,True
226,30-44,ženski,visoka,Dalmacija,radio,zabava,5.6,2,False
227,18-29,ženski,viša,Zagreb,podcast,vijesti,2.1,4,True
228,60+,muški,srednja,Dalmacija,TV,edukacija,16.8,5,True
229,45-59,ženski,srednja,Zagreb,podcast,kultura,3.5,4,True
230,60+,muški,srednja,Dalmacija,TV,sport,13.3,3,True
231,60+,ženski,srednja,Zagreb,streaming,kultura,11.4,1,False
232,30-44,muški,srednja,Dalmacija,podcast,zabava,5.7,5,True
233,30-44,muški,srednja,Dalmacija,streaming,sport,6.3,4,False
234,30-44,ženski,viša,Zagreb,web_portal,vijesti,6.5,3,False
235,30-44,muški,visoka,Zagreb,podcast,edukacija,4.4,2,False
236,30-44,muški,srednja,Slavonija,streaming,zabava,5.3,3,False
237,45-59,muški,srednja,Slavonija,web_portal,kultura,9.1,3,True
238,60+,muški,srednja,Sjeverozapad,web_portal,edukacija,5.3,4,True
239,30-44,ženski,visoka,Slavonija,radio,kultura,12.9,2,True
240,18-29,ženski,srednja,Dalmacija,web_portal,zabava,5.5,5,True
241,30-44,muški,srednja,Sjeverozapad,streaming,edukacija,7.4,3,True
242,30-44,muški,viša,Zagreb,streaming,vijesti,15.3,4,False
243,18-29,muški,srednja,Zagreb,streaming,sport,8.3,5,True
244,45-59,muški,srednja,Primorje,tisak,edukacija,5.3,3,False
245,45-59,ženski,srednja,Dalmacija,web_portal,kultura,11.3,3,True
246,45-59,ženski,visoka,Slavonija,web_portal,sport,6.3,4,True
247,30-44,ženski,visoka,Primorje,web_portal,vijesti,2.6,2,False
248,45-59,muški,osnovna,Zagreb,radio,sport,7.1,3,True
249,45-59,muški,visoka,Primorje,tisak,kultura,2.6,5,True
250,60+,ženski,viša,Zagreb,TV,kultura,18.8,5,True
251,18-29,muški,srednja,Dalmacija,streaming,zabava,11.2,4,True
252,45-59,ženski,srednja,Zagreb,web_portal,sport,6.2,4,True
253,30-44,ženski,srednja,Zagreb,web_portal,edukacija,5.3,5,True
254,45-59,ženski,srednja,Primorje,streaming,kultura,7.1,3,False
255,60+,ženski,srednja,Dalmacija,TV,edukacija,18.7,4,True
256,45-59,ženski,visoka,Dalmacija,streaming,zabava,10.2,4,True
257,18-29,muški,viša,Slavonija,web_portal,vijesti,5.2,4,False
258,18-29,muški,osnovna,Primorje,streaming,zabava,11.5,5,True
259,18-29,muški,srednja,Primorje,radio,zabava,8.5,3,False
260,18-29,ženski,srednja,Dalmacija,streaming,sport,6.9,4,True
261,45-59,ženski,srednja,Sjeverozapad,streaming,kultura,7.4,4,True
262,30-44,muški,srednja,Primorje,radio,kultura,3.8,2,True
263,30-44,muški,viša,Slavonija,TV,zabava,4.8,4,True
264,30-44,muški,srednja,Zagreb,radio,zabava,7.1,3,True
265,18-29,ženski,viša,Zagreb,streaming,edukacija,6.3,5,True
266,30-44,ženski,srednja,Primorje,tisak,vijesti,6.0,3,True
267,18-29,ženski,viša,Dalmacija,TV,zabava,16.6,3,False
268,30-44,ženski,visoka,Zagreb,TV,edukacija,10.3,5,True
269,30-44,ženski,srednja,Zagreb,TV,zabava,1,3,False
270,30-44,ženski,srednja,Sjeverozapad,streaming,edukacija,9.6,5,True
271,60+,ženski,visoka,Zagreb,TV,vijesti,8.3,3,True
272,45-59,muški,srednja,Zagreb,web_portal,vijesti,9.7,4,True
273,18-29,ženski,srednja,Sjeverozapad,streaming,sport,7.1,4,True
274,30-44,ženski,visoka,Zagreb,streaming,edukacija,6.0,4,False
275,30-44,muški,viša,Slavonija,podcast,vijesti,5.1,4,True
276,30-44,muški,viša,Dalmacija,tisak,edukacija,1.8,2,False
277,18-29,muški,viša,Slavonija,web_portal,vijesti,4.5,5,False
278,30-44,muški,visoka,Sjeverozapad,podcast,vijesti,3.3,2,False
279,30-44,muški,srednja,Sjeverozapad,web_portal,kultura,7.3,5,True
280,60+,muški,srednja,Slavonija,web_portal,sport,6.1,4,True
281,18-29,ženski,srednja,Sjeverozapad,streaming,sport,11.5,3,True
282,45-59,ženski,srednja,Sjeverozapad,TV,edukacija,1,4,False
283,18-29,ženski,visoka,Zagreb,podcast,sport,1.7,3,True
284,60+,ženski,osnovna,Slavonija,TV,sport,11.7,3,False
285,60+,ženski,srednja,Zagreb,radio,zabava,5.6,4,True
286,18-29,muški,viša,Zagreb,streaming,kultura,7.1,5,True
287,60+,muški,osnovna,Sjeverozapad,TV,sport,5.4,4,False
288,45-59,muški,srednja,Primorje,podcast,sport,5.2,3,True
289,18-29,muški,viša,Sjeverozapad,web_portal,sport,5.3,4,True
290,30-44,muški,srednja,Slavonija,web_portal,vijesti,8.1,5,False
291,60+,ženski,srednja,Zagreb,radio,kultura,10.6,5,True
292,30-44,muški,viša,Slavonija,podcast,kultura,3.5,5,True
293,45-59,muški,osnovna,Slavonija,streaming,sport,13.8,3,True
294,18-29,ženski,visoka,Zagreb,radio,sport,9.1,3,True
295,45-59,ženski,viša,Zagreb,web_portal,edukacija,5.5,4,True
296,30-44,ženski,visoka,Primorje,radio,sport,7.3,4,True
297,30-44,muški,viša,Zagreb,web_portal,zabava,4.4,5,True
298,60+,ženski,srednja,Zagreb,web_portal,kultura,7.8,3,False
299,18-29,muški,viša,Sjeverozapad,web_portal,kultura,5.9,4,True
300,60+,ženski,srednja,Zagreb,TV,vijesti,9.7,4,False
301,18-29,ženski,srednja,Zagreb,podcast,zabava,2.1,4,False
302,60+,muški,viša,Zagreb,TV,kultura,12.1,4,True
303,60+,muški,osnovna,Zagreb,TV,sport,19.0,5,False
304,60+,ženski,viša,Zagreb,radio,edukacija,7.2,4,True
305,45-59,muški,visoka,Primorje,web_portal,edukacija,5.0,3,True
306,45-59,ženski,srednja,Sjeverozapad,tisak,kultura,4.0,4,False
307,18-29,ženski,viša,Zagreb,streaming,sport,4.8,3,False
308,60+,ženski,osnovna,Zagreb,TV,edukacija,14.6,3,True
309,30-44,ženski,srednja,Sjeverozapad,streaming,sport,7.1,4,False
310,30-44,muški,viša,Dalmacija,podcast,edukacija,4.0,3,False
311,60+,muški,visoka,Zagreb,radio,zabava,8.1,5,True
312,45-59,ženski,osnovna,Slavonija,TV,zabava,15.6,2,False
313,60+,ženski,osnovna,Zagreb,tisak,vijesti,3.5,3,True
314,30-44,ženski,viša,Primorje,web_portal,kultura,9.3,3,False
315,18-29,muški,srednja,Sjeverozapad,streaming,vijesti,5.7,4,True
316,45-59,muški,viša,Slavonija,tisak,vijesti,2.2,2,False
317,18-29,muški,viša,Slavonija,web_portal,kultura,8.2,3,True
318,30-44,muški,visoka,Sjeverozapad,web_portal,zabava,2.6,4,True
319,60+,ženski,srednja,Zagreb,TV,vijesti,12.1,4,True
320,60+,muški,srednja,Zagreb,TV,zabava,10.9,5,True
321,60+,muški,srednja,Sjeverozapad,TV,vijesti,14.4,4,True
322,60+,muški,visoka,Primorje,TV,zabava,17.0,3,False
323,45-59,ženski,visoka,Slavonija,web_portal,vijesti,3.7,4,True
324,45-59,ženski,visoka,Primorje,podcast,sport,4.4,3,True
325,30-44,ženski,srednja,Zagreb,streaming,zabava,10.9,3,True
326,60+,muški,viša,Primorje,TV,vijesti,9.6,4,False
327,18-29,ženski,viša,Sjeverozapad,streaming,zabava,7.8,4,True
328,18-29,ženski,srednja,Sjeverozapad,podcast,vijesti,3.2,5,False
329,45-59,ženski,visoka,Sjeverozapad,podcast,sport,5.1,3,True
330,30-44,ženski,visoka,Dalmacija,streaming,sport,6.7,2,False
331,18-29,muški,viša,Slavonija,web_portal,edukacija,7.1,3,False
332,30-44,muški,srednja,Zagreb,streaming,sport,6.4,3,False
333,30-44,muški,viša,Dalmacija,streaming,edukacija,12.1,4,False
334,45-59,muški,visoka,Sjeverozapad,podcast,vijesti,3.9,3,False
335,60+,ženski,srednja,Primorje,TV,kultura,14.2,3,False
336,45-59,ženski,srednja,Slavonija,streaming,vijesti,8.7,5,True
337,18-29,muški,visoka,Slavonija,podcast,sport,2.8,4,False
338,60+,ženski,srednja,Zagreb,tisak,vijesti,3.9,4,True
339,30-44,muški,viša,Sjeverozapad,radio,zabava,6.1,4,False
340,60+,ženski,srednja,Sjeverozapad,web_portal,vijesti,8.4,4,False
341,30-44,ženski,visoka,Zagreb,podcast,vijesti,3.2,4,True
342,18-29,ženski,viša,Sjeverozapad,web_portal,edukacija,4.0,2,False
343,45-59,muški,visoka,Sjeverozapad,podcast,vijesti,4.1,4,True
344,18-29,ženski,osnovna,Zagreb,streaming,sport,10.3,4,True
345,60+,ženski,osnovna,Slavonija,podcast,kultura,4.4,3,True
346,18-29,ženski,srednja,Slavonija,TV,zabava,17.6,3,False
347,18-29,ženski,srednja,Zagreb,TV,zabava,1.3,2,True
348,30-44,muški,visoka,Dalmacija,streaming,kultura,5.9,4,False
349,30-44,muški,srednja,Dalmacija,web_portal,sport,6.3,4,True
350,30-44,ženski,srednja,Zagreb,streaming,zabava,11.8,4,True
351,45-59,ženski,srednja,Slavonija,radio,zabava,6.7,5,True
352,45-59,ženski,srednja,Dalmacija,web_portal,edukacija,3.7,5,True
353,30-44,ženski,srednja,Slavonija,web_portal,zabava,5.8,2,True
354,18-29,ženski,viša,Slavonija,streaming,zabava,12.4,4,True
355,18-29,muški,srednja,Slavonija,radio,edukacija,5.4,5,True
356,45-59,ženski,visoka,Slavonija,web_portal,zabava,6.6,5,True
357,18-29,ženski,viša,Zagreb,podcast,edukacija,5.7,4,True
358,18-29,muški,viša,Primorje,TV,zabava,17.0,4,False
359,60+,muški,osnovna,Dalmacija,web_portal,vijesti,4.3,4,True
360,30-44,ženski,srednja,Slavonija,web_portal,sport,10.2,2,False
361,60+,muški,osnovna,Sjeverozapad,podcast,sport,5.1,2,True
362,18-29,muški,visoka,Slavonija,streaming,vijesti,7.0,4,True
363,30-44,ženski,osnovna,Dalmacija,radio,edukacija,12.2,4,True
364,60+,muški,srednja,Primorje,tisak,sport,3.4,5,True
365,45-59,ženski,osnovna,Zagreb,streaming,zabava,7.7,5,True
366,45-59,ženski,visoka,Primorje,radio,kultura,11.3,5,True
367,18-29,ženski,srednja,Primorje,streaming,zabava,7.3,3,False
368,60+,ženski,osnovna,Sjeverozapad,web_portal,vijesti,4.0,3,True
369,45-59,muški,osnovna,Dalmacija,radio,vijesti,6.9,4,False
370,30-44,muški,viša,Slavonija,radio,zabava,6.7,3,True
371,30-44,ženski,visoka,Slavonija,streaming,vijesti,7.4,4,True
372,45-59,muški,srednja,Dalmacija,podcast,vijesti,4.4,2,False
373,60+,muški,viša,Dalmacija,streaming,sport,8.2,4,True
374,30-44,muški,visoka,Primorje,TV,vijesti,16.8,3,True
375,45-59,muški,srednja,Slavonija,TV,sport,8.5,5,True
376,30-44,ženski,srednja,Zagreb,web_portal,vijesti,1.3,4,True
377,45-59,ženski,visoka,Slavonija,TV,kultura,14.0,3,True
378,18-29,muški,viša,Zagreb,streaming,sport,14.0,4,False
379,18-29,ženski,viša,Zagreb,TV,zabava,11.2,5,True
380,60+,ženski,srednja,Sjeverozapad,radio,vijesti,9.8,5,True
381,45-59,muški,visoka,Slavonija,web_portal,sport,7.4,5,True
382,45-59,ženski,osnovna,Slavonija,web_portal,zabava,3.5,3,False
383,60+,ženski,viša,Sjeverozapad,TV,kultura,9.6,5,False
384,30-44,muški,srednja,Slavonija,web_portal,zabava,9.8,3,True
385,30-44,muški,viša,Sjeverozapad,podcast,vijesti,5.2,3,True
386,30-44,ženski,viša,Sjeverozapad,TV,zabava,4.8,3,False
387,60+,muški,osnovna,Zagreb,podcast,edukacija,3.2,3,False
388,18-29,ženski,viša,Zagreb,web_portal,vijesti,4.0,3,True
389,18-29,ženski,viša,Dalmacija,TV,sport,8.7,3,False
390,45-59,muški,srednja,Dalmacija,radio,vijesti,3.5,3,True
391,30-44,muški,srednja,Sjeverozapad,radio,sport,3.4,5,True
392,18-29,ženski,srednja,Slavonija,web_portal,zabava,1.4,3,False
393,30-44,ženski,srednja,Slavonija,streaming,edukacija,12.6,5,True
394,45-59,muški,viša,Zagreb,TV,sport,21.6,5,True
395,30-44,ženski,srednja,Zagreb,web_portal,sport,4.5,3,False
396,45-59,muški,viša,Dalmacija,TV,vijesti,8.6,2,False
397,45-59,ženski,srednja,Slavonija,podcast,edukacija,3.2,3,False
398,30-44,ženski,viša,Primorje,streaming,sport,8.7,5,True
399,45-59,ženski,visoka,Slavonija,TV,zabava,6.5,4,True
400,45-59,ženski,viša,Zagreb,streaming,zabava,5.1,4,False
401,18-29,muški,srednja,Zagreb,web_portal,sport,4.4,3,True
402,45-59,muški,visoka,Primorje,TV,vijesti,10.0,4,False
403,18-29,muški,srednja,Slavonija,streaming,vijesti,11.0,5,False
404,60+,muški,srednja,Zagreb,TV,vijesti,15.5,5,True
405,45-59,muški,osnovna,Zagreb,TV,zabava,7.2,4,True
406,18-29,muški,visoka,Slavonija,podcast,vijesti,2.7,4,True
407,30-44,ženski,visoka,Slavonija,web_portal,zabava,1.2,4,True
408,30-44,ženski,srednja,Primorje,streaming,zabava,10.6,5,True
409,60+,ženski,visoka,Zagreb,web_portal,edukacija,4.5,3,False
410,60+,ženski,visoka,Slavonija,tisak,sport,2.2,4,False
411,30-44,ženski,viša,Dalmacija,radio,edukacija,3.2,3,False
412,30-44,muški,srednja,Sjeverozapad,streaming,vijesti,5.5,5,True
413,30-44,ženski,visoka,Primorje,TV,zabava,11.5,3,False
414,18-29,ženski,srednja,Dalmacija,TV,edukacija,4.2,3,True
415,45-59,ženski,visoka,Dalmacija,podcast,kultura,4.8,4,False
416,18-29,ženski,srednja,Zagreb,web_portal,kultura,4.7,4,False
417,60+,muški,visoka,Primorje,TV,kultura,18.6,5,False
418,60+,ženski,osnovna,Primorje,web_portal,vijesti,4.9,3,True
419,18-29,ženski,visoka,Dalmacija,web_portal,zabava,4.5,3,False
420,18-29,muški,srednja,Dalmacija,web_portal,edukacija,8.6,2,True
421,45-59,muški,visoka,Zagreb,streaming,vijesti,4.7,3,True
422,30-44,ženski,srednja,Dalmacija,podcast,sport,6.2,3,False
423,60+,muški,viša,Sjeverozapad,tisak,vijesti,3.5,3,True
424,30-44,muški,viša,Primorje,streaming,vijesti,13.8,5,True
425,60+,muški,osnovna,Zagreb,radio,vijesti,9.2,4,False
426,30-44,muški,srednja,Dalmacija,TV,zabava,13.0,5,True
427,18-29,ženski,srednja,Dalmacija,streaming,sport,13.2,3,True
428,18-29,muški,visoka,Slavonija,web_portal,sport,3.1,4,False
429,60+,muški,srednja,Slavonija,TV,sport,4.0,4,False
430,18-29,ženski,visoka,Zagreb,streaming,vijesti,6.8,4,False
431,18-29,muški,srednja,Primorje,web_portal,vijesti,4.7,4,True
432,18-29,muški,srednja,Sjeverozapad,streaming,edukacija,8.4,5,True
433,60+,muški,osnovna,Dalmacija,TV,zabava,12.6,2,False
434,30-44,muški,srednja,Slavonija,streaming,edukacija,5.0,2,False
435,30-44,muški,srednja,Slavonija,streaming,zabava,6.5,3,False
436,18-29,ženski,visoka,Primorje,streaming,zabava,13.6,3,False
437,30-44,muški,srednja,Zagreb,tisak,zabava,1,3,False
438,45-59,ženski,visoka,Slavonija,radio,kultura,6.1,4,False
439,60+,ženski,srednja,Slavonija,tisak,sport,4.4,3,True
440,45-59,muški,srednja,Dalmacija,TV,zabava,10.0,3,False
441,18-29,ženski,visoka,Zagreb,TV,edukacija,17.9,4,True
442,45-59,muški,srednja,Dalmacija,radio,vijesti,7.3,2,True
443,45-59,ženski,srednja,Slavonija,streaming,kultura,12.8,4,False
444,18-29,ženski,viša,Primorje,streaming,edukacija,3.6,3,True
445,60+,muški,viša,Zagreb,radio,edukacija,6.0,4,False
446,18-29,ženski,viša,Primorje,streaming,sport,5.6,2,False
447,30-44,muški,viša,Zagreb,web_portal,zabava,6.9,3,True
448,45-59,ženski,srednja,Zagreb,web_portal,sport,8.4,3,True
449,45-59,ženski,srednja,Zagreb,TV,zabava,9.7,4,False
450,18-29,muški,srednja,Primorje,web_portal,zabava,11.6,2,False
451,60+,muški,viša,Dalmacija,TV,sport,6.1,5,True
452,30-44,muški,srednja,Sjeverozapad,web_portal,edukacija,7.0,3,True
453,60+,ženski,srednja,Sjeverozapad,TV,kultura,5.9,3,False
454,30-44,muški,srednja,Primorje,TV,sport,20.1,5,True
455,30-44,muški,srednja,Zagreb,streaming,sport,11.1,4,True
456,30-44,ženski,srednja,Sjeverozapad,podcast,kultura,6.5,2,False
457,60+,muški,srednja,Sjeverozapad,radio,kultura,8.6,4,True
458,18-29,muški,srednja,Sjeverozapad,podcast,edukacija,5.5,3,True
459,45-59,muški,srednja,Zagreb,TV,sport,14.1,3,True
460,60+,ženski,osnovna,Zagreb,radio,sport,4.3,3,False
461,45-59,muški,srednja,Primorje,TV,vijesti,24.2,4,False
462,45-59,muški,osnovna,Slavonija,TV,vijesti,11.9,3,False
463,45-59,muški,viša,Primorje,radio,zabava,5.1,3,False
464,60+,muški,osnovna,Sjeverozapad,TV,vijesti,16.5,4,False
465,60+,muški,viša,Slavonija,TV,kultura,24.9,4,True
466,45-59,ženski,viša,Zagreb,web_portal,zabava,3.3,4,False
467,45-59,ženski,visoka,Zagreb,TV,sport,11.7,4,True
468,30-44,ženski,srednja,Zagreb,web_portal,edukacija,7.5,5,False
469,60+,ženski,srednja,Sjeverozapad,radio,sport,5.9,3,False
470,30-44,muški,visoka,Slavonija,streaming,sport,11.5,3,True
471,45-59,muški,srednja,Slavonija,podcast,sport,6.3,4,True
472,30-44,muški,visoka,Sjeverozapad,TV,sport,11.9,3,False
473,30-44,ženski,srednja,Dalmacija,streaming,sport,9.6,4,False
474,18-29,muški,srednja,Zagreb,streaming,zabava,6.6,5,True
475,18-29,ženski,srednja,Dalmacija,streaming,zabava,11.2,4,True
476,30-44,ženski,visoka,Sjeverozapad,streaming,zabava,3.8,3,True
477,30-44,muški,viša,Zagreb,TV,kultura,10.2,4,True
478,45-59,muški,srednja,Zagreb,tisak,vijesti,2.7,4,False
479,30-44,muški,visoka,Zagreb,podcast,zabava,4.9,4,True
480,45-59,ženski,visoka,Sjeverozapad,podcast,edukacija,6.3,2,True
481,18-29,ženski,srednja,Sjeverozapad,web_portal,kultura,5.1,3,True
482,30-44,muški,srednja,Dalmacija,streaming,edukacija,9.9,4,True
483,45-59,ženski,srednja,Dalmacija,web_portal,vijesti,6.0,2,True
484,45-59,muški,srednja,Dalmacija,radio,vijesti,4.2,5,True
485,45-59,ženski,osnovna,Zagreb,TV,sport,12.0,4,True
486,60+,ženski,viša,Dalmacija,streaming,kultura,6.6,5,True
487,30-44,ženski,visoka,Slavonija,tisak,zabava,2.5,3,True
488,18-29,muški,srednja,Slavonija,web_portal,vijesti,9.4,3,True
489,45-59,muški,visoka,Primorje,streaming,kultura,4.1,4,True
490,45-59,ženski,srednja,Zagreb,TV,zabava,18.8,2,False
491,18-29,ženski,srednja,Zagreb,streaming,zabava,8.6,4,False
492,30-44,ženski,srednja,Zagreb,podcast,zabava,5.6,4,True
493,30-44,muški,visoka,Primorje,podcast,edukacija,2.8,4,True
494,30-44,ženski,visoka,Dalmacija,web_portal,kultura,7.8,4,True
495,45-59,ženski,visoka,Dalmacija,radio,kultura,4.7,3,True
496,60+,ženski,osnovna,Zagreb,TV,vijesti,14.9,4,True
497,60+,ženski,visoka,Slavonija,radio,vijesti,11.1,4,True
498,45-59,muški,viša,Sjeverozapad,TV,edukacija,6.9,4,True
499,18-29,ženski,srednja,Zagreb,podcast,edukacija,3.4,3,False
500,60+,ženski,srednja,Slavonija,tisak,vijesti,4.5,5,True
501,30-44,ženski,viša,Dalmacija,streaming,sport,4.3,4,True
502,60+,ženski,osnovna,Dalmacija,TV,kultura,4.9,5,True
503,60+,ženski,osnovna,Zagreb,TV,kultura,9.8,5,True
504,60+,muški,osnovna,Sjeverozapad,TV,vijesti,10.1,4,False
505,45-59,muški,srednja,Zagreb,radio,sport,2.1,5,True
506,18-29,muški,osnovna,Dalmacija,streaming,sport,8.3,4,True
507,30-44,ženski,osnovna,Slavonija,streaming,kultura,12.7,3,False
508,30-44,ženski,srednja,Slavonija,web_portal,edukacija,3.4,4,True
509,18-29,ženski,visoka,Zagreb,streaming,zabava,8.7,3,False
510,30-44,muški,srednja,Dalmacija,podcast,zabava,6.3,4,True
511,45-59,ženski,visoka,Slavonija,web_portal,sport,7.2,3,True
512,60+,ženski,visoka,Zagreb,TV,vijesti,14.4,3,False
513,60+,ženski,osnovna,Dalmacija,streaming,vijesti,14.5,4,False
514,60+,ženski,srednja,Dalmacija,TV,zabava,8.7,2,False
515,18-29,muški,viša,Dalmacija,streaming,kultura,7.2,5,True
516,30-44,ženski,srednja,Dalmacija,podcast,vijesti,3.2,4,True
517,18-29,ženski,visoka,Dalmacija,web_portal,zabava,6.8,3,False
518,18-29,muški,viša,Primorje,web_portal,zabava,4.3,4,True
519,30-44,ženski,srednja,Sjeverozapad,web_portal,zabava,5.0,4,True
520,45-59,ženski,visoka,Zagreb,TV,sport,9.7,2,False
521,60+,ženski,osnovna,Dalmacija,TV,vijesti,12.8,5,False
522,45-59,muški,osnovna,Slavonija,tisak,kultura,1.8,2,False
523,60+,muški,viša,Sjeverozapad,TV,kultura,6.1,4,False
524,30-44,ženski,srednja,Slavonija,podcast,vijesti,3.6,5,False
525,45-59,ženski,osnovna,Slavonija,streaming,sport,11.3,2,False
526,60+,muški,srednja,Slavonija,TV,sport,11.5,5,True
527,60+,ženski,srednja,Zagreb,podcast,zabava,4.1,4,True
528,18-29,muški,viša,Primorje,TV,vijesti,17.2,4,False
529,18-29,muški,viša,Zagreb,streaming,zabava,11.1,3,True
530,18-29,muški,srednja,Zagreb,web_portal,sport,7.5,4,True
531,30-44,muški,viša,Zagreb,web_portal,kultura,8.4,3,True
532,18-29,ženski,srednja,Sjeverozapad,streaming,kultura,8.1,4,True
533,60+,ženski,viša,Zagreb,TV,kultura,3.9,4,False
534,60+,muški,srednja,Primorje,tisak,edukacija,1,2,True
535,60+,muški,osnovna,Primorje,TV,edukacija,13.3,4,True
536,18-29,muški,viša,Primorje,web_portal,vijesti,6.3,3,False
537,30-44,ženski,visoka,Primorje,web_portal,vijesti,10.7,4,False
538,30-44,muški,visoka,Zagreb,streaming,zabava,7.8,5,False
539,45-59,ženski,viša,Zagreb,radio,sport,10.8,4,True
540,45-59,muški,osnovna,Slavonija,TV,vijesti,19.5,5,True
541,45-59,ženski,visoka,Primorje,podcast,vijesti,4.3,4,True
542,60+,muški,srednja,Sjeverozapad,TV,kultura,13.4,5,True
543,45-59,muški,viša,Slavonija,podcast,vijesti,5.4,5,True
544,45-59,ženski,srednja,Zagreb,web_portal,edukacija,3.0,5,True
545,45-59,muški,srednja,Zagreb,web_portal,vijesti,7.0,3,True
546,45-59,ženski,srednja,Sjeverozapad,TV,zabava,14.3,4,True
547,60+,muški,visoka,Zagreb,radio,vijesti,5.6,3,False
548,18-29,ženski,srednja,Sjeverozapad,web_portal,sport,5.1,3,False
549,30-44,muški,srednja,Dalmacija,radio,sport,11.2,5,True
550,45-59,muški,srednja,Zagreb,TV,zabava,9.3,3,True
551,60+,muški,srednja,Primorje,tisak,sport,3.5,4,False
552,18-29,muški,visoka,Slavonija,streaming,zabava,9.5,4,True
553,18-29,muški,viša,Dalmacija,streaming,vijesti,6.0,3,True
554,60+,ženski,osnovna,Sjeverozapad,web_portal,vijesti,5.0,5,True
555,60+,muški,viša,Zagreb,radio,vijesti,7.1,5,False
556,18-29,ženski,srednja,Zagreb,streaming,kultura,9.1,4,False
557,60+,muški,osnovna,Slavonija,radio,vijesti,11.0,4,True
558,60+,muški,viša,Primorje,TV,vijesti,9.7,2,False
559,45-59,ženski,viša,Slavonija,TV,edukacija,19.6,2,False
560,60+,ženski,srednja,Zagreb,TV,edukacija,13.9,2,False
561,18-29,ženski,srednja,Primorje,podcast,zabava,5.3,4,True
562,30-44,ženski,visoka,Sjeverozapad,web_portal,sport,6.2,2,True
563,60+,ženski,srednja,Zagreb,TV,kultura,10.6,4,True
564,45-59,ženski,viša,Zagreb,streaming,vijesti,6.6,4,True
565,18-29,ženski,viša,Sjeverozapad,streaming,zabava,6.9,4,False
566,18-29,muški,visoka,Dalmacija,web_portal,sport,3.1,3,True
567,60+,muški,osnovna,Slavonija,TV,vijesti,10.6,5,True
568,45-59,ženski,visoka,Zagreb,TV,sport,10.4,4,False
569,45-59,muški,viša,Primorje,radio,vijesti,8.0,3,True
570,45-59,muški,visoka,Zagreb,web_portal,edukacija,10.8,3,True
571,18-29,muški,srednja,Zagreb,streaming,zabava,5.7,3,False
572,18-29,ženski,srednja,Zagreb,streaming,zabava,9.1,4,False
573,60+,ženski,viša,Zagreb,TV,kultura,8.9,5,True
574,30-44,muški,visoka,Dalmacija,podcast,sport,3.8,4,True
575,18-29,muški,srednja,Slavonija,streaming,sport,3.6,5,False
576,45-59,muški,srednja,Zagreb,podcast,vijesti,2.6,3,False
577,45-59,muški,srednja,Sjeverozapad,web_portal,kultura,9.1,3,False
578,18-29,ženski,srednja,Zagreb,TV,sport,21.0,3,False
579,30-44,ženski,srednja,Sjeverozapad,TV,zabava,12.6,4,True
580,30-44,muški,viša,Slavonija,web_portal,vijesti,10.9,3,False
581,30-44,muški,visoka,Zagreb,podcast,zabava,4.0,4,True
582,60+,muški,srednja,Zagreb,TV,edukacija,14.2,3,True
583,30-44,ženski,viša,Zagreb,podcast,zabava,3.1,3,False
584,18-29,ženski,srednja,Zagreb,web_portal,edukacija,3.8,3,False
585,45-59,ženski,srednja,Zagreb,tisak,kultura,1.2,2,True
586,30-44,ženski,srednja,Primorje,web_portal,kultura,1,3,True
587,45-59,ženski,srednja,Primorje,TV,kultura,8.2,5,True
588,45-59,muški,srednja,Dalmacija,TV,edukacija,20.9,5,True
589,60+,muški,viša,Sjeverozapad,podcast,edukacija,4.2,4,True
590,60+,ženski,visoka,Dalmacija,tisak,vijesti,3.3,3,True
591,18-29,muški,srednja,Zagreb,streaming,zabava,4.7,4,False
592,18-29,muški,srednja,Zagreb,streaming,zabava,11.4,5,True
593,60+,ženski,srednja,Slavonija,TV,zabava,4.5,4,True
594,60+,ženski,viša,Dalmacija,radio,sport,16.9,5,True
595,45-59,ženski,viša,Zagreb,TV,vijesti,13.9,4,False
596,18-29,muški,viša,Slavonija,web_portal,edukacija,11.4,3,True
597,18-29,muški,viša,Sjeverozapad,web_portal,sport,4.8,4,True
598,30-44,muški,viša,Slavonija,streaming,vijesti,4.9,4,True
599,60+,ženski,srednja,Slavonija,radio,edukacija,6.1,3,False
600,30-44,ženski,viša,Zagreb,web_portal,vijesti,4.1,3,False
601,60+,muški,srednja,Sjeverozapad,radio,edukacija,4.2,3,True
602,30-44,ženski,visoka,Dalmacija,web_portal,sport,6.6,5,True
603,45-59,muški,srednja,Dalmacija,web_portal,vijesti,5.7,2,False
604,18-29,ženski,viša,Zagreb,streaming,kultura,5.4,4,True
605,30-44,muški,viša,Sjeverozapad,podcast,sport,4.9,5,True
606,60+,muški,osnovna,Zagreb,tisak,kultura,2.5,3,False
607,30-44,muški,viša,Sjeverozapad,web_portal,zabava,1.7,1,False
608,45-59,ženski,srednja,Primorje,web_portal,sport,4.2,4,True
609,30-44,ženski,srednja,Slavonija,podcast,kultura,5.6,5,True
610,30-44,ženski,osnovna,Sjeverozapad,radio,vijesti,4.7,3,True
611,30-44,muški,viša,Sjeverozapad,podcast,edukacija,3.4,4,False
612,30-44,muški,visoka,Sjeverozapad,web_portal,zabava,5.7,4,False
613,30-44,ženski,srednja,Zagreb,web_portal,vijesti,4.2,4,True
614,18-29,ženski,visoka,Zagreb,web_portal,edukacija,3.1,4,False
615,60+,ženski,osnovna,Primorje,web_portal,sport,6.0,3,False
616,60+,ženski,srednja,Zagreb,radio,vijesti,8.1,4,True
617,45-59,muški,srednja,Slavonija,radio,vijesti,7.2,5,False
618,18-29,ženski,visoka,Zagreb,streaming,zabava,8.2,4,True
619,45-59,ženski,srednja,Slavonija,TV,kultura,15.8,3,False
620,30-44,ženski,viša,Sjeverozapad,podcast,sport,7.1,4,True
621,30-44,muški,viša,Zagreb,streaming,vijesti,8.0,4,False
622,18-29,muški,viša,Sjeverozapad,TV,edukacija,11.1,2,True
623,18-29,muški,viša,Slavonija,streaming,zabava,9.0,2,False
624,60+,muški,srednja,Primorje,tisak,kultura,1,3,False
625,18-29,muški,srednja,Slavonija,podcast,edukacija,4.2,4,False
626,18-29,muški,viša,Dalmacija,streaming,vijesti,4.7,4,True
627,60+,ženski,srednja,Slavonija,web_portal,vijesti,4.6,3,True
628,30-44,ženski,visoka,Slavonija,podcast,sport,1.4,3,False
629,18-29,ženski,viša,Dalmacija,streaming,vijesti,11.0,4,False
630,45-59,muški,srednja,Dalmacija,podcast,zabava,5.8,4,True
631,30-44,ženski,viša,Zagreb,podcast,zabava,4.0,3,True
632,18-29,muški,visoka,Slavonija,web_portal,zabava,5.8,4,False
633,45-59,ženski,viša,Primorje,radio,kultura,8.4,4,True
634,18-29,ženski,srednja,Sjeverozapad,streaming,vijesti,6.9,4,True
635,18-29,muški,viša,Slavonija,streaming,zabava,7.0,5,True
636,45-59,muški,viša,Dalmacija,TV,vijesti,8.6,5,True
637,30-44,ženski,srednja,Zagreb,podcast,sport,7.6,5,True
638,45-59,ženski,osnovna,Sjeverozapad,TV,kultura,8.7,4,True
639,60+,muški,visoka,Zagreb,TV,kultura,12.9,5,True
640,30-44,ženski,visoka,Dalmacija,tisak,sport,4.0,4,True
641,60+,ženski,srednja,Slavonija,radio,kultura,2.7,4,True
642,60+,ženski,osnovna,Sjeverozapad,web_portal,vijesti,11.0,4,True
643,45-59,ženski,viša,Sjeverozapad,web_portal,vijesti,4.3,2,True
644,18-29,ženski,srednja,Zagreb,TV,vijesti,4.8,3,True
645,45-59,ženski,srednja,Dalmacija,web_portal,vijesti,8.9,5,True
646,45-59,muški,visoka,Dalmacija,streaming,zabava,8.1,5,False
647,18-29,muški,visoka,Primorje,TV,zabava,17.6,3,False
648,60+,ženski,osnovna,Dalmacija,radio,edukacija,6.1,5,False
649,18-29,ženski,srednja,Zagreb,streaming,sport,7.1,4,True
650,18-29,ženski,viša,Zagreb,streaming,sport,7.0,4,False
651,45-59,ženski,visoka,Zagreb,podcast,edukacija,1.5,4,True
652,30-44,muški,srednja,Slavonija,radio,zabava,2.8,4,True
653,60+,ženski,srednja,Slavonija,podcast,vijesti,6.6,2,True
654,60+,muški,viša,Zagreb,radio,sport,13.1,4,True
655,18-29,muški,viša,Zagreb,podcast,vijesti,5.1,4,False
656,18-29,ženski,viša,Zagreb,web_portal,sport,4.8,4,True
657,30-44,ženski,srednja,Zagreb,streaming,zabava,3.8,2,False
658,18-29,muški,osnovna,Primorje,streaming,vijesti,11.1,4,True
659,18-29,muški,viša,Zagreb,TV,vijesti,9.7,3,False
660,45-59,muški,visoka,Sjeverozapad,TV,sport,11.9,4,False
661,18-29,muški,viša,Zagreb,podcast,sport,2.7,4,False
662,30-44,muški,srednja,Primorje,streaming,edukacija,8.5,4,True
663,30-44,muški,visoka,Zagreb,radio,sport,8.1,3,True
664,18-29,muški,viša,Zagreb,radio,sport,7.0,5,True
665,18-29,ženski,srednja,Sjeverozapad,streaming,sport,11.9,3,True
666,45-59,ženski,srednja,Dalmacija,radio,vijesti,10.3,3,True
667,18-29,ženski,viša,Dalmacija,streaming,vijesti,4.2,4,True
668,45-59,muški,srednja,Slavonija,streaming,edukacija,13.2,3,False
669,45-59,muški,viša,Primorje,TV,edukacija,9.6,2,False
670,18-29,muški,srednja,Sjeverozapad,streaming,edukacija,14.2,5,True
671,60+,ženski,viša,Slavonija,tisak,vijesti,1.8,4,True
672,45-59,muški,srednja,Dalmacija,podcast,kultura,4.0,5,True
673,30-44,ženski,viša,Zagreb,streaming,vijesti,3.3,5,False
674,18-29,ženski,srednja,Slavonija,streaming,zabava,8.8,3,False
675,18-29,ženski,srednja,Dalmacija,web_portal,sport,2.4,3,True
676,30-44,ženski,osnovna,Primorje,TV,kultura,10.6,4,True
677,30-44,muški,osnovna,Slavonija,web_portal,kultura,4.0,4,False
678,30-44,muški,srednja,Primorje,radio,zabava,13.6,4,False
679,45-59,ženski,srednja,Zagreb,web_portal,vijesti,7.9,5,True
680,18-29,muški,srednja,Sjeverozapad,TV,sport,4.8,3,False
681,18-29,muški,srednja,Zagreb,web_portal,zabava,6.7,4,True
682,18-29,ženski,viša,Zagreb,radio,sport,9.7,3,True
683,30-44,ženski,srednja,Primorje,podcast,vijesti,4.6,4,True
684,60+,ženski,srednja,Slavonija,web_portal,sport,1,3,False
685,60+,muški,srednja,Dalmacija,TV,vijesti,8.6,5,True
686,60+,muški,srednja,Dalmacija,radio,zabava,3.9,5,True
687,18-29,ženski,srednja,Zagreb,web_portal,vijesti,1,5,False
688,45-59,ženski,viša,Dalmacija,TV,zabava,1,5,True
689,18-29,ženski,srednja,Slavonija,streaming,sport,11.4,3,True
690,60+,muški,visoka,Zagreb,TV,vijesti,16.5,4,True
691,30-44,ženski,srednja,Slavonija,podcast,edukacija,2.4,4,True
692,18-29,muški,viša,Sjeverozapad,web_portal,sport,1.9,3,False
693,60+,ženski,viša,Dalmacija,web_portal,sport,3.5,4,True
694,60+,ženski,srednja,Slavonija,tisak,vijesti,3.1,4,False
695,30-44,ženski,visoka,Slavonija,TV,vijesti,15.5,3,False
696,45-59,ženski,visoka,Dalmacija,streaming,zabava,10.0,5,False
697,30-44,muški,srednja,Slavonija,web_portal,vijesti,4.9,3,True
698,30-44,muški,srednja,Sjeverozapad,streaming,kultura,6.3,4,True
699,18-29,ženski,srednja,Sjeverozapad,web_portal,vijesti,4.7,1,False
700,45-59,muški,visoka,Sjeverozapad,web_portal,sport,5.5,2,False
701,45-59,muški,visoka,Sjeverozapad,web_portal,zabava,8.4,3,True
702,60+,ženski,viša,Primorje,streaming,kultura,8.1,3,False
703,30-44,muški,visoka,Slavonija,podcast,vijesti,5.7,4,True
704,18-29,ženski,viša,Slavonija,TV,edukacija,10.9,2,False
705,30-44,ženski,visoka,Zagreb,podcast,kultura,2.8,4,True
706,45-59,ženski,visoka,Zagreb,TV,vijesti,15.3,5,True
707,30-44,muški,visoka,Slavonija,radio,kultura,3.4,4,True
708,60+,ženski,srednja,Slavonija,TV,sport,3.1,4,False
709,18-29,ženski,srednja,Slavonija,streaming,sport,8.1,4,True
710,45-59,ženski,viša,Slavonija,TV,zabava,15.9,4,False
711,45-59,muški,srednja,Zagreb,tisak,vijesti,4.8,3,True
712,60+,muški,viša,Dalmacija,TV,sport,14.2,3,True
713,60+,muški,osnovna,Sjeverozapad,radio,zabava,9.4,4,False
714,60+,ženski,srednja,Slavonija,TV,vijesti,17.3,5,True
715,45-59,ženski,srednja,Primorje,streaming,vijesti,7.9,3,True
716,60+,ženski,srednja,Zagreb,TV,edukacija,21.0,5,False
717,18-29,ženski,osnovna,Zagreb,podcast,zabava,3.9,4,True
718,30-44,muški,visoka,Zagreb,web_portal,zabava,3.8,4,True
719,30-44,muški,viša,Slavonija,TV,sport,10.1,5,True
720,30-44,muški,visoka,Primorje,web_portal,edukacija,5.5,4,True
721,18-29,muški,visoka,Zagreb,podcast,vijesti,3.1,4,False
722,30-44,muški,visoka,Slavonija,streaming,sport,8.1,4,False
723,30-44,muški,srednja,Zagreb,web_portal,zabava,4.2,5,True
724,30-44,muški,viša,Slavonija,streaming,sport,8.5,5,True
725,60+,muški,visoka,Dalmacija,radio,vijesti,6.2,3,False
726,60+,muški,osnovna,Zagreb,TV,vijesti,8.0,4,True
727,60+,muški,viša,Dalmacija,TV,vijesti,12.3,5,True
728,45-59,muški,viša,Slavonija,TV,zabava,8.5,3,False
729,18-29,muški,viša,Primorje,streaming,zabava,13.2,3,False
730,30-44,ženski,viša,Sjeverozapad,streaming,zabava,5.2,4,True
731,60+,ženski,osnovna,Primorje,tisak,vijesti,3.4,5,True
732,45-59,ženski,srednja,Primorje,TV,vijesti,18.4,2,False
733,18-29,muški,srednja,Primorje,web_portal,zabava,6.1,3,False
734,60+,ženski,osnovna,Dalmacija,TV,vijesti,14.2,5,True
735,45-59,ženski,srednja,Slavonija,tisak,vijesti,3.5,5,False
736,45-59,ženski,osnovna,Sjeverozapad,web_portal,sport,6.2,2,True
737,30-44,muški,viša,Dalmacija,streaming,vijesti,12.1,4,False
738,45-59,ženski,viša,Zagreb,TV,vijesti,6.5,5,True
739,45-59,ženski,viša,Sjeverozapad,streaming,sport,10.6,5,True
740,18-29,ženski,viša,Primorje,tisak,vijesti,2.7,2,False
741,30-44,muški,visoka,Dalmacija,tisak,sport,2.8,3,True
742,18-29,ženski,srednja,Sjeverozapad,streaming,zabava,10.4,3,True
743,30-44,ženski,visoka,Zagreb,TV,zabava,12.5,5,False
744,45-59,ženski,srednja,Sjeverozapad,web_portal,vijesti,7.2,3,False
745,18-29,ženski,viša,Sjeverozapad,TV,zabava,7.4,5,True
746,45-59,ženski,viša,Slavonija,web_portal,vijesti,6.5,5,False
747,30-44,ženski,viša,Slavonija,podcast,sport,5.0,3,True
748,18-29,muški,srednja,Zagreb,TV,zabava,14.5,5,False
749,60+,muški,srednja,Primorje,radio,vijesti,6.9,3,True
750,45-59,muški,srednja,Sjeverozapad,TV,edukacija,3.9,4,True
751,60+,muški,viša,Primorje,tisak,sport,2.2,4,True
752,18-29,ženski,viša,Sjeverozapad,streaming,zabava,7.7,5,True
753,45-59,muški,visoka,Slavonija,TV,vijesti,4.0,3,True
754,18-29,ženski,viša,Dalmacija,streaming,kultura,8.7,4,False
755,45-59,ženski,visoka,Zagreb,radio,zabava,7.3,3,True
756,60+,ženski,srednja,Zagreb,TV,sport,17.3,4,True
757,45-59,ženski,visoka,Slavonija,TV,vijesti,14.9,4,False
758,60+,muški,srednja,Zagreb,radio,vijesti,10.6,4,True
759,45-59,ženski,visoka,Slavonija,radio,zabava,11.4,4,True
760,45-59,muški,viša,Zagreb,radio,edukacija,4.1,4,True
761,18-29,muški,viša,Slavonija,streaming,edukacija,14.7,4,True
762,30-44,muški,viša,Dalmacija,TV,zabava,4.6,3,False
763,18-29,muški,srednja,Sjeverozapad,web_portal,edukacija,6.1,1,False
764,60+,ženski,viša,Dalmacija,radio,vijesti,7.0,4,True
765,18-29,ženski,visoka,Sjeverozapad,streaming,edukacija,13.0,4,True
766,60+,muški,visoka,Zagreb,web_portal,vijesti,5.4,3,True
767,45-59,muški,visoka,Zagreb,web_portal,sport,4.1,3,False
768,18-29,ženski,srednja,Dalmacija,podcast,zabava,3.6,4,True
769,60+,muški,osnovna,Zagreb,streaming,vijesti,5.1,3,True
770,60+,muški,viša,Slavonija,TV,kultura,17.0,4,False
771,45-59,muški,srednja,Sjeverozapad,tisak,vijesti,2.2,4,True
772,30-44,muški,srednja,Zagreb,streaming,zabava,13.4,5,True
773,18-29,ženski,visoka,Zagreb,streaming,edukacija,9.0,4,False
774,45-59,ženski,viša,Sjeverozapad,TV,sport,13.8,2,False
775,18-29,muški,srednja,Zagreb,podcast,vijesti,4.2,5,False
776,18-29,ženski,srednja,Dalmacija,radio,zabava,11.7,4,True
777,45-59,muški,srednja,Primorje,TV,sport,14.4,4,True
778,45-59,muški,visoka,Slavonija,TV,vijesti,11.1,5,True
779,60+,ženski,visoka,Sjeverozapad,TV,edukacija,3.5,3,False
780,60+,muški,srednja,Primorje,TV,kultura,17.5,4,False
781,18-29,muški,srednja,Zagreb,streaming,zabava,8.4,2,False
782,18-29,ženski,viša,Dalmacija,web_portal,sport,9.5,4,True
783,30-44,muški,srednja,Dalmacija,TV,edukacija,14.0,2,False
784,45-59,muški,visoka,Zagreb,radio,edukacija,10.5,3,False
785,60+,ženski,srednja,Zagreb,radio,vijesti,7.9,3,False
786,18-29,muški,srednja,Slavonija,streaming,zabava,12.0,4,True
787,60+,muški,osnovna,Primorje,TV,kultura,10.1,5,True
788,18-29,ženski,srednja,Dalmacija,web_portal,zabava,9.5,3,True
789,18-29,muški,srednja,Zagreb,web_portal,edukacija,9.7,5,True
790,60+,muški,visoka,Zagreb,TV,kultura,15.3,4,False
791,30-44,ženski,viša,Slavonija,web_portal,zabava,7.5,3,False
792,45-59,ženski,srednja,Zagreb,TV,edukacija,13.8,3,False
793,18-29,muški,viša,Zagreb,TV,zabava,13.8,3,False
794,30-44,ženski,srednja,Zagreb,web_portal,kultura,1.4,4,True
795,45-59,ženski,srednja,Zagreb,web_portal,vijesti,8.8,4,False
796,30-44,muški,srednja,Primorje,podcast,edukacija,3.3,4,True
797,30-44,ženski,viša,Zagreb,podcast,sport,5.0,5,True
798,18-29,muški,srednja,Dalmacija,tisak,zabava,2.9,3,False
799,45-59,muški,srednja,Slavonija,podcast,zabava,4.4,3,True
800,60+,ženski,srednja,Sjeverozapad,TV,sport,10.0,4,True
