respondent_id,age,age_group,gender,education,primary_platform,daily_minutes,num_platforms,trust_social_news,primary_news_source,weekly_posts,privacy_concern
1,35,35-44,male,srednja_skola,Instagram,92,4,2,portal,2,7
2,43,35-44,female,prvostupnik,Facebook,70,3,6,drustvene_mreze,9,6
3,40,35-44,female,srednja_skola,Twitter,79,3,3,portal,6,8
4,21,18-24,female,srednja_skola,TikTok,158,5,4,portal,14,7
5,36,35-44,male,magistar,YouTube,14,3,5,drustvene_mreze,6,5
6,23,18-24,female,magistar,Instagram,79,1,9,drustvene_mreze,0,5
7,45,45-54,female,srednja_skola,Facebook,38,2,6,TV,0,5
8,52,45-54,female,srednja_skola,Twitter,23,1,2,TV,0,5
9,59,55+,male,srednja_skola,Instagram,41,2,3,portal,0,1
10,33,25-34,male,srednja_skola,Twitter,173,2,2,portal,3,5
11,32,25-34,female,magistar,Twitter,153,2,3,drustvene_mreze,3,7
12,20,18-24,male,prvostupnik,YouTube,100,4,5,TV,19,7
13,49,45-54,female,srednja_skola,Facebook,68,2,4,TV,0,8
14,60,55+,female,magistar,Facebook,40,2,5,radio,2,8
15,66,55+,female,prvostupnik,YouTube,27,2,2,TV,0,9
16,18,18-24,male,srednja_skola,Instagram,172,4,4,portal,13,5
17,32,25-34,male,srednja_skola,Instagram,61,3,2,drustvene_mreze,4,7
18,30,25-34,male,srednja_skola,Instagram,93,2,4,portal,0,7
19,24,18-24,male,prvostupnik,Instagram,230,4,9,drustvene_mreze,5,7
20,21,18-24,male,srednja_skola,Instagram,189,2,8,drustvene_mreze,6,9
21,43,35-44,male,prvostupnik,TikTok,61,3,4,portal,2,8
22,53,45-54,female,doktor,Instagram,47,2,5,drustvene_mreze,1,7
23,48,45-54,male,srednja_skola,Instagram,25,1,2,drustvene_mreze,2,5
24,23,18-24,female,srednja_skola,YouTube,177,5,6,print,9,6
25,20,18-24,female,srednja_skola,Instagram,146,5,3,TV,10,10
26,33,25-34,female,prvostupnik,Snapchat,88,3,5,portal,1,5
27,40,35-44,female,prvostupnik,YouTube,5,3,4,TV,2,6
28,39,35-44,female,prvostupnik,Twitter,62,2,4,print,3,5
29,20,18-24,male,srednja_skola,Instagram,110,6,6,drustvene_mreze,0,6
30,24,18-24,male,magistar,Snapchat,178,4,1,portal,12,9
31,21,18-24,female,magistar,TikTok,218,3,7,portal,1,6
32,52,45-54,female,magistar,Facebook,30,1,5,TV,2,6
33,24,18-24,female,magistar,TikTok,77,4,6,portal,4,7
34,29,25-34,female,prvostupnik,TikTok,75,4,3,print,16,9
35,18,18-24,male,srednja_skola,Snapchat,75,4,5,TV,0,9
36,20,18-24,male,srednja_skola,Snapchat,173,2,5,TV,5,4
37,23,18-24,male,prvostupnik,Snapchat,116,3,5,TV,7,4
38,42,35-44,female,prvostupnik,Facebook,74,3,1,drustvene_mreze,2,5
39,44,35-44,female,magistar,Twitter,51,2,4,portal,4,2
40,21,18-24,male,prvostupnik,YouTube,158,3,7,portal,3,2
41,46,45-54,male,srednja_skola,LinkedIn,32,1,1,portal,0,7
42,33,25-34,male,doktor,LinkedIn,124,1,2,TV,5,4
43,52,45-54,female,magistar,LinkedIn,34,3,2,TV,1,6
44,22,18-24,female,srednja_skola,TikTok,112,4,6,drustvene_mreze,5,8
45,24,18-24,female,magistar,TikTok,115,2,5,portal,3,4
46,51,45-54,male,magistar,LinkedIn,66,2,2,TV,0,6
47,41,35-44,male,magistar,LinkedIn,90,3,6,drustvene_mreze,1,8
48,47,45-54,female,prvostupnik,YouTube,50,1,5,TV,1,2
49,18,18-24,female,magistar,Instagram,175,4,9,portal,13,7
50,54,45-54,female,srednja_skola,Facebook,42,1,2,drustvene_mreze,1,5
51,36,35-44,male,srednja_skola,YouTube,9,2,1,TV,0,7
52,28,25-34,female,magistar,LinkedIn,86,4,5,print,8,4
53,30,25-34,female,prvostupnik,Instagram,59,3,3,radio,5,5
54,22,18-24,non-binary,srednja_skola,Facebook,151,3,5,drustvene_mreze,7,4
55,46,45-54,female,prvostupnik,Twitter,13,1,2,TV,3,4
56,20,18-24,male,magistar,Instagram,148,7,6,portal,6,4
57,42,35-44,male,prvostupnik,Twitter,74,3,4,drustvene_mreze,1,4
58,33,25-34,female,magistar,TikTok,102,3,5,portal,6,8
59,37,35-44,female,magistar,YouTube,24,2,1,drustvene_mreze,0,5
60,23,18-24,male,srednja_skola,Snapchat,185,2,4,portal,11,4
61,54,45-54,female,prvostupnik,Facebook,54,2,3,portal,0,3
62,37,35-44,female,prvostupnik,YouTube,61,3,4,drustvene_mreze,0,4
63,22,18-24,female,magistar,Instagram,104,3,5,radio,7,9
64,39,35-44,male,srednja_skola,TikTok,84,3,4,TV,1,5
65,23,18-24,female,magistar,Instagram,148,5,6,drustvene_mreze,1,6
66,19,18-24,male,magistar,Instagram,166,5,7,drustvene_mreze,4,5
67,23,18-24,female,prvostupnik,Instagram,98,4,2,drustvene_mreze,1,6
68,23,18-24,male,prvostupnik,Snapchat,138,6,5,portal,16,7
69,32,25-34,male,srednja_skola,YouTube,68,2,5,portal,5,4
70,23,18-24,male,prvostupnik,TikTok,67,4,5,portal,7,7
71,43,35-44,male,srednja_skola,LinkedIn,51,3,2,TV,3,5
72,19,18-24,male,prvostupnik,YouTube,150,6,9,drustvene_mreze,8,7
73,33,25-34,female,srednja_skola,LinkedIn,159,4,3,print,2,5
74,32,25-34,non-binary,srednja_skola,YouTube,147,1,6,TV,8,3
75,24,18-24,male,srednja_skola,YouTube,144,4,5,drustvene_mreze,0,4
76,32,25-34,female,prvostupnik,YouTube,35,2,4,portal,2,4
77,24,18-24,female,srednja_skola,TikTok,182,3,8,drustvene_mreze,7,9
78,22,18-24,female,srednja_skola,Twitter,240,6,8,portal,14,9
79,57,55+,female,doktor,Facebook,17,1,4,print,0,5
80,42,35-44,male,srednja_skola,Instagram,74,1,2,print,3,4
81,23,18-24,male,srednja_skola,Instagram,141,4,5,TV,9,5
82,27,25-34,female,srednja_skola,LinkedIn,106,3,4,drustvene_mreze,11,8
83,20,18-24,male,magistar,TikTok,131,5,9,print,13,4
84,42,35-44,male,srednja_skola,YouTube,120,2,4,drustvene_mreze,0,3
85,24,18-24,male,srednja_skola,TikTok,115,2,8,drustvene_mreze,10,7
86,44,35-44,male,srednja_skola,TikTok,48,3,7,drustvene_mreze,3,5
87,23,18-24,male,srednja_skola,TikTok,80,3,7,drustvene_mreze,10,6
88,30,25-34,male,magistar,LinkedIn,111,3,7,TV,5,3
89,18,18-24,female,srednja_skola,YouTube,155,6,4,drustvene_mreze,3,5
90,29,25-34,male,prvostupnik,Facebook,89,3,3,drustvene_mreze,10,6
91,18,18-24,male,magistar,TikTok,94,3,4,drustvene_mreze,3,5
92,18,18-24,female,prvostupnik,Instagram,126,4,5,drustvene_mreze,4,3
93,68,55+,male,magistar,LinkedIn,9,1,1,TV,0,5
94,28,25-34,male,srednja_skola,Facebook,72,1,4,TV,5,7
95,24,18-24,male,srednja_skola,Instagram,68,2,7,print,9,6
96,53,45-54,female,srednja_skola,LinkedIn,26,1,3,print,5,6
97,19,18-24,male,magistar,Instagram,160,4,3,drustvene_mreze,14,8
98,21,18-24,male,magistar,TikTok,148,4,3,portal,0,6
99,24,18-24,male,prvostupnik,TikTok,137,4,9,drustvene_mreze,7,8
100,26,25-34,female,srednja_skola,Instagram,129,3,4,drustvene_mreze,3,8
101,22,18-24,male,srednja_skola,YouTube,184,3,6,portal,0,5
102,21,18-24,female,magistar,TikTok,154,4,7,radio,5,4
103,18,18-24,female,srednja_skola,YouTube,166,3,3,TV,4,7
104,41,35-44,male,magistar,Reddit,76,2,3,drustvene_mreze,5,9
105,18,18-24,female,prvostupnik,Instagram,139,5,3,drustvene_mreze,10,4
106,34,25-34,male,magistar,TikTok,58,3,6,portal,3,6
107,54,45-54,male,srednja_skola,Twitter,48,2,1,TV,1,7
108,22,18-24,male,magistar,Instagram,177,4,5,portal,3,7
109,41,35-44,female,magistar,Instagram,41,3,3,drustvene_mreze,0,8
110,25,25-34,female,magistar,Twitter,104,4,4,portal,2,6
111,22,18-24,male,prvostupnik,Twitter,151,4,6,portal,6,10
112,34,25-34,female,prvostupnik,TikTok,61,1,6,portal,7,5
113,40,35-44,female,magistar,YouTube,34,2,3,portal,5,5
114,26,25-34,male,srednja_skola,Twitter,113,2,9,drustvene_mreze,9,7
115,19,18-24,male,magistar,YouTube,179,6,2,drustvene_mreze,8,2
116,34,25-34,female,doktor,TikTok,120,2,5,drustvene_mreze,5,3
117,26,25-34,female,prvostupnik,Instagram,101,4,8,drustvene_mreze,0,4
118,25,25-34,female,magistar,Facebook,93,3,7,portal,10,6
119,50,45-54,non-binary,srednja_skola,Facebook,70,2,5,drustvene_mreze,1,3
120,30,25-34,male,srednja_skola,Facebook,154,2,5,drustvene_mreze,2,7
121,54,45-54,male,srednja_skola,Facebook,51,2,5,TV,0,2
122,21,18-24,male,srednja_skola,Instagram,85,3,1,print,9,6
123,43,35-44,female,prvostupnik,TikTok,73,5,3,portal,4,9
124,24,18-24,male,magistar,TikTok,185,3,2,drustvene_mreze,5,5
125,23,18-24,male,magistar,Instagram,102,4,5,drustvene_mreze,4,5
126,33,25-34,female,doktor,Twitter,151,3,3,drustvene_mreze,1,5
127,41,35-44,male,prvostupnik,TikTok,70,4,4,TV,3,3
128,43,35-44,male,srednja_skola,Twitter,102,2,7,portal,0,8
129,21,18-24,male,magistar,TikTok,110,5,5,portal,9,6
130,40,35-44,male,srednja_skola,YouTube,70,3,2,portal,3,4
131,18,18-24,female,srednja_skola,Instagram,202,3,3,portal,12,7
132,44,35-44,female,srednja_skola,LinkedIn,72,3,4,TV,4,7
133,34,25-34,female,prvostupnik,Instagram,74,2,2,TV,9,7
134,24,18-24,female,prvostupnik,Reddit,92,4,6,drustvene_mreze,3,9
135,44,35-44,male,srednja_skola,Instagram,16,2,5,TV,8,5
136,46,45-54,male,magistar,Instagram,13,2,5,print,0,8
137,33,25-34,female,srednja_skola,Facebook,79,5,6,portal,5,7
138,32,25-34,male,prvostupnik,Reddit,59,2,4,radio,0,6
139,36,35-44,female,doktor,TikTok,56,3,3,TV,6,6
140,32,25-34,female,magistar,TikTok,74,4,4,print,5,6
141,40,35-44,male,magistar,TikTok,107,3,3,portal,1,6
142,34,25-34,female,srednja_skola,YouTube,145,2,5,portal,5,7
143,20,18-24,female,srednja_skola,YouTube,100,4,4,portal,6,1
144,21,18-24,female,srednja_skola,Instagram,194,5,8,print,12,1
145,66,55+,male,prvostupnik,Facebook,22,2,2,portal,0,5
146,59,55+,female,prvostupnik,Facebook,33,1,2,print,4,9
147,21,18-24,non-binary,magistar,TikTok,155,2,10,drustvene_mreze,13,3
148,24,18-24,male,prvostupnik,Instagram,166,5,5,drustvene_mreze,10,6
149,19,18-24,female,magistar,Instagram,196,4,5,portal,9,8
150,44,35-44,male,prvostupnik,TikTok,54,3,4,drustvene_mreze,3,3
151,54,45-54,female,magistar,Instagram,72,1,3,drustvene_mreze,2,6
152,53,45-54,female,doktor,Facebook,36,2,1,TV,2,6
153,32,25-34,female,srednja_skola,Instagram,114,2,5,TV,3,6
154,19,18-24,female,srednja_skola,Instagram,90,5,6,TV,5,5
155,47,45-54,male,magistar,Twitter,44,2,4,print,1,5
156,32,25-34,non-binary,srednja_skola,TikTok,95,4,5,radio,2,4
157,26,25-34,female,magistar,Twitter,97,3,3,portal,11,5
158,33,25-34,female,doktor,Facebook,90,5,7,TV,4,4
159,59,55+,female,prvostupnik,Facebook,32,2,2,TV,3,4
160,22,18-24,female,prvostupnik,TikTok,111,5,3,drustvene_mreze,2,6
161,32,25-34,male,prvostupnik,Facebook,140,3,5,drustvene_mreze,0,8
162,62,55+,male,prvostupnik,Facebook,27,1,1,radio,3,8
163,23,18-24,female,srednja_skola,TikTok,185,5,3,drustvene_mreze,12,8
164,19,18-24,male,prvostupnik,Reddit,92,3,6,radio,2,7
165,29,25-34,male,srednja_skola,Instagram,71,4,7,TV,7,7
166,20,18-24,male,magistar,YouTube,212,4,8,drustvene_mreze,11,5
167,24,18-24,male,srednja_skola,Instagram,135,3,4,drustvene_mreze,9,7
168,63,55+,female,prvostupnik,Facebook,42,2,5,TV,1,5
169,32,25-34,female,magistar,Instagram,18,2,1,radio,7,5
170,65,55+,female,srednja_skola,LinkedIn,26,1,2,radio,1,6
171,68,55+,male,srednja_skola,LinkedIn,40,2,1,print,1,10
172,22,18-24,male,magistar,TikTok,103,2,6,drustvene_mreze,10,5
173,29,25-34,female,srednja_skola,Instagram,68,4,6,drustvene_mreze,15,3
174,24,18-24,male,prvostupnik,TikTok,113,3,7,portal,13,6
175,55,55+,female,srednja_skola,Twitter,37,2,3,drustvene_mreze,1,6
176,20,18-24,female,prvostupnik,Snapchat,129,6,3,drustvene_mreze,0,2
177,28,25-34,female,srednja_skola,Instagram,94,2,3,drustvene_mreze,11,3
178,19,18-24,male,prvostupnik,YouTube,129,3,5,TV,10,6
179,53,45-54,female,prvostupnik,YouTube,53,1,2,TV,0,8
180,19,18-24,male,prvostupnik,Instagram,116,2,6,drustvene_mreze,0,8
181,44,35-44,female,prvostupnik,Twitter,51,3,7,TV,0,6
182,23,18-24,non-binary,prvostupnik,TikTok,172,5,5,drustvene_mreze,12,5
183,43,35-44,female,magistar,Instagram,84,3,7,drustvene_mreze,9,6
184,33,25-34,female,prvostupnik,Instagram,5,2,4,portal,7,4
185,23,18-24,female,magistar,LinkedIn,175,4,6,drustvene_mreze,8,6
186,41,35-44,female,prvostupnik,Twitter,52,3,3,print,4,10
187,34,25-34,male,prvostupnik,TikTok,88,3,3,portal,2,10
188,47,45-54,male,prvostupnik,Facebook,58,4,2,drustvene_mreze,1,4
189,27,25-34,female,srednja_skola,YouTube,96,5,6,drustvene_mreze,5,8
190,33,25-34,female,srednja_skola,Instagram,107,1,1,drustvene_mreze,8,8
191,20,18-24,female,prvostupnik,Instagram,217,5,3,portal,4,7
192,18,18-24,female,srednja_skola,YouTube,239,4,2,drustvene_mreze,5,3
193,28,25-34,male,magistar,TikTok,62,4,5,drustvene_mreze,13,10
194,30,25-34,male,prvostupnik,YouTube,152,2,4,portal,3,10
195,31,25-34,female,srednja_skola,Instagram,71,2,1,portal,1,6
196,42,35-44,female,magistar,YouTube,31,4,5,portal,11,2
197,71,55+,female,magistar,Reddit,12,1,1,TV,3,6
198,30,25-34,female,prvostupnik,Snapchat,90,4,3,portal,0,6
199,23,18-24,female,doktor,Instagram,171,2,7,portal,0,7
200,22,18-24,female,prvostupnik,YouTube,159,7,7,drustvene_mreze,8,9
201,24,18-24,male,prvostupnik,Twitter,146,3,4,portal,12,7
202,31,25-34,male,srednja_skola,Reddit,96,5,3,radio,4,10
203,44,35-44,female,srednja_skola,Instagram,107,2,4,radio,3,4
204,31,25-34,male,srednja_skola,YouTube,177,1,3,drustvene_mreze,1,6
205,36,35-44,male,doktor,Instagram,15,3,3,print,8,3
206,20,18-24,male,prvostupnik,Instagram,191,3,5,portal,3,5
207,39,35-44,male,magistar,Instagram,82,4,2,portal,0,6
208,20,18-24,male,srednja_skola,Instagram,147,3,6,drustvene_mreze,9,7
209,34,25-34,male,srednja_skola,TikTok,85,4,7,radio,7,9
210,21,18-24,female,srednja_skola,Instagram,136,4,6,portal,5,9
211,28,25-34,male,prvostupnik,Facebook,76,4,7,drustvene_mreze,8,3
212,31,25-34,male,magistar,Reddit,142,3,5,print,4,8
213,65,55+,female,prvostupnik,Facebook,15,1,1,TV,4,8
214,33,25-34,female,magistar,Instagram,124,2,1,portal,5,2
215,24,18-24,male,prvostupnik,TikTok,122,3,4,drustvene_mreze,1,10
216,31,25-34,male,magistar,LinkedIn,142,2,4,print,2,3
217,26,25-34,female,srednja_skola,Facebook,119,5,3,drustvene_mreze,5,8
218,36,35-44,female,srednja_skola,Facebook,55,1,4,drustvene_mreze,1,7
219,44,35-44,male,srednja_skola,Reddit,39,3,5,drustvene_mreze,3,6
220,24,18-24,female,prvostupnik,TikTok,103,2,6,TV,5,9
221,24,18-24,female,srednja_skola,Facebook,211,3,3,TV,7,4
222,37,35-44,female,prvostupnik,YouTube,72,3,1,TV,3,6
223,20,18-24,male,magistar,Instagram,218,5,6,drustvene_mreze,12,6
224,30,25-34,male,prvostupnik,YouTube,164,2,6,drustvene_mreze,5,3
225,22,18-24,male,prvostupnik,TikTok,146,5,5,TV,9,4
226,32,25-34,male,prvostupnik,Facebook,68,4,4,TV,5,7
227,25,25-34,male,doktor,YouTube,106,5,3,drustvene_mreze,5,3
228,27,25-34,female,srednja_skola,Twitter,97,4,7,drustvene_mreze,10,8
229,42,35-44,male,srednja_skola,Instagram,67,1,2,portal,8,6
230,58,55+,male,prvostupnik,Facebook,6,2,2,TV,2,5
231,46,45-54,male,srednja_skola,LinkedIn,24,1,2,portal,0,7
232,18,18-24,male,prvostupnik,TikTok,168,6,10,TV,0,4
233,26,25-34,female,magistar,YouTube,121,4,4,portal,1,7
234,24,18-24,male,prvostupnik,TikTok,176,4,7,drustvene_mreze,1,3
235,22,18-24,male,prvostupnik,Twitter,95,4,2,drustvene_mreze,3,10
236,40,35-44,male,magistar,YouTube,96,5,3,TV,2,7
237,27,25-34,male,prvostupnik,TikTok,90,4,8,drustvene_mreze,13,9
238,25,25-34,non-binary,prvostupnik,Reddit,143,6,3,TV,15,3
239,20,18-24,female,prvostupnik,Snapchat,167,5,4,portal,15,4
240,21,18-24,female,prvostupnik,TikTok,86,4,5,TV,15,9
241,42,35-44,female,prvostupnik,Twitter,77,3,5,drustvene_mreze,2,6
242,59,55+,female,prvostupnik,Facebook,16,2,4,TV,1,2
243,42,35-44,male,srednja_skola,Instagram,60,1,1,portal,9,7
244,22,18-24,male,magistar,Instagram,172,4,5,drustvene_mreze,10,5
245,38,35-44,male,srednja_skola,Instagram,109,1,3,TV,4,4
246,66,55+,male,srednja_skola,LinkedIn,14,1,2,drustvene_mreze,1,1
247,35,35-44,male,srednja_skola,YouTube,113,2,3,drustvene_mreze,5,6
248,33,25-34,male,srednja_skola,Instagram,58,5,6,print,5,7
249,26,25-34,female,prvostupnik,Reddit,96,5,6,drustvene_mreze,6,9
250,37,35-44,female,magistar,Twitter,72,4,7,TV,4,3
251,19,18-24,male,magistar,YouTube,216,6,4,drustvene_mreze,12,6
252,42,35-44,female,prvostupnik,Facebook,127,2,3,portal,7,8
253,38,35-44,male,srednja_skola,LinkedIn,67,3,2,portal,9,7
254,51,45-54,female,srednja_skola,LinkedIn,38,1,5,drustvene_mreze,3,8
255,19,18-24,male,doktor,Snapchat,190,5,5,TV,17,6
256,22,18-24,male,magistar,Instagram,143,2,9,print,9,3
257,28,25-34,female,magistar,Instagram,46,4,5,TV,7,6
258,39,35-44,female,prvostupnik,YouTube,35,2,4,print,3,5
259,71,55+,female,magistar,Facebook,24,1,1,TV,1,5
260,37,35-44,female,srednja_skola,YouTube,55,3,2,drustvene_mreze,3,7
261,19,18-24,female,magistar,Instagram,183,5,5,TV,10,6
262,26,25-34,female,magistar,TikTok,56,4,3,portal,9,5
263,40,35-44,female,srednja_skola,YouTube,66,2,7,drustvene_mreze,2,5
264,24,18-24,female,srednja_skola,Twitter,138,5,5,drustvene_mreze,3,8
265,44,35-44,male,magistar,Instagram,76,3,2,portal,0,8
266,21,18-24,female,magistar,TikTok,77,4,3,TV,3,7
267,49,45-54,female,magistar,Instagram,28,1,2,drustvene_mreze,3,8
268,19,18-24,male,magistar,Instagram,158,6,5,portal,2,8
269,32,25-34,female,prvostupnik,TikTok,93,3,4,drustvene_mreze,3,5
270,30,25-34,male,doktor,Reddit,157,4,5,portal,6,2
271,19,18-24,male,doktor,TikTok,272,3,6,TV,11,6
272,30,25-34,male,prvostupnik,YouTube,62,4,8,radio,1,6
273,26,25-34,female,prvostupnik,Instagram,63,4,3,TV,2,8
274,45,45-54,female,prvostupnik,LinkedIn,72,2,1,print,3,6
275,67,55+,male,srednja_skola,Facebook,49,2,1,TV,2,5
276,34,25-34,male,srednja_skola,YouTube,145,3,5,drustvene_mreze,7,8
277,67,55+,male,magistar,Facebook,30,2,3,drustvene_mreze,0,8
278,18,18-24,female,doktor,Instagram,177,4,5,drustvene_mreze,1,3
279,29,25-34,female,prvostupnik,TikTok,107,2,7,drustvene_mreze,9,7
280,50,45-54,male,srednja_skola,Facebook,57,2,1,drustvene_mreze,1,7
281,49,45-54,female,srednja_skola,TikTok,17,3,3,print,2,8
282,70,55+,male,prvostupnik,Facebook,23,1,2,portal,0,10
283,33,25-34,male,magistar,TikTok,89,3,6,drustvene_mreze,5,7
284,29,25-34,male,prvostupnik,YouTube,122,5,6,drustvene_mreze,13,6
285,24,18-24,female,prvostupnik,YouTube,192,5,7,TV,17,5
286,28,25-34,male,prvostupnik,Instagram,104,4,5,drustvene_mreze,9,4
287,38,35-44,male,magistar,LinkedIn,32,3,5,radio,1,5
288,45,45-54,male,magistar,LinkedIn,41,1,1,portal,1,5
289,61,55+,male,srednja_skola,Facebook,40,2,5,radio,1,6
290,46,45-54,female,prvostupnik,Facebook,83,2,1,print,4,6
291,31,25-34,female,srednja_skola,YouTube,16,1,5,drustvene_mreze,4,7
292,51,45-54,female,prvostupnik,Facebook,2,1,3,TV,0,4
293,31,25-34,male,srednja_skola,Instagram,92,1,4,drustvene_mreze,3,5
294,26,25-34,non-binary,srednja_skola,TikTok,121,4,2,TV,7,3
295,21,18-24,female,magistar,YouTube,150,2,6,portal,2,5
296,24,18-24,male,prvostupnik,Instagram,194,5,4,portal,9,6
297,28,25-34,female,magistar,YouTube,83,4,7,drustvene_mreze,8,8
298,30,25-34,female,magistar,TikTok,158,3,3,portal,9,7
299,38,35-44,male,prvostupnik,Facebook,56,4,7,drustvene_mreze,4,10
300,44,35-44,male,srednja_skola,Facebook,63,4,3,drustvene_mreze,2,10
301,52,45-54,female,prvostupnik,Facebook,49,1,4,drustvene_mreze,2,7
302,44,35-44,female,prvostupnik,Facebook,39,2,5,portal,3,9
303,64,55+,female,prvostupnik,Facebook,52,2,3,TV,0,6
304,29,25-34,female,prvostupnik,TikTok,101,6,6,drustvene_mreze,10,9
305,22,18-24,male,prvostupnik,Snapchat,121,5,7,drustvene_mreze,14,5
306,43,35-44,male,srednja_skola,Facebook,87,2,5,TV,3,4
307,40,35-44,female,prvostupnik,Facebook,66,3,3,drustvene_mreze,1,5
308,23,18-24,female,srednja_skola,Instagram,150,4,5,portal,2,7
309,52,45-54,female,magistar,YouTube,55,2,4,portal,1,5
310,44,35-44,male,prvostupnik,Twitter,65,4,5,drustvene_mreze,0,9
311,25,25-34,male,magistar,Reddit,140,3,5,portal,7,6
312,49,45-54,female,prvostupnik,Facebook,25,2,5,TV,0,9
313,30,25-34,female,prvostupnik,Instagram,135,3,4,radio,2,6
314,19,18-24,female,srednja_skola,TikTok,136,5,7,drustvene_mreze,2,8
315,44,35-44,female,doktor,Facebook,57,3,3,TV,1,4
316,23,18-24,male,srednja_skola,TikTok,130,5,7,drustvene_mreze,6,4
317,53,45-54,male,srednja_skola,TikTok,50,2,3,TV,2,7
318,18,18-24,male,magistar,YouTube,211,3,5,portal,10,7
319,32,25-34,female,srednja_skola,YouTube,92,2,4,print,6,5
320,19,18-24,male,magistar,TikTok,193,3,4,portal,14,3
321,19,18-24,male,srednja_skola,TikTok,86,5,6,drustvene_mreze,6,7
322,63,55+,male,prvostupnik,Facebook,38,1,4,portal,3,8
323,60,55+,female,magistar,Facebook,10,1,1,drustvene_mreze,0,9
324,37,35-44,male,prvostupnik,LinkedIn,20,2,4,drustvene_mreze,10,6
325,34,25-34,male,srednja_skola,Reddit,124,2,3,TV,0,6
326,41,35-44,female,magistar,LinkedIn,31,3,4,print,0,6
327,27,25-34,female,prvostupnik,Instagram,106,4,6,drustvene_mreze,15,6
328,52,45-54,female,prvostupnik,Facebook,62,3,2,portal,1,6
329,26,25-34,male,doktor,Facebook,129,3,4,TV,3,8
330,50,45-54,male,prvostupnik,Facebook,7,1,1,portal,1,5
331,24,18-24,male,magistar,TikTok,130,4,7,drustvene_mreze,4,6
332,19,18-24,female,magistar,TikTok,98,2,6,drustvene_mreze,12,7
333,58,55+,male,prvostupnik,Facebook,32,2,1,portal,1,10
334,33,25-34,male,magistar,Facebook,68,4,6,portal,1,4
335,21,18-24,female,prvostupnik,YouTube,145,5,4,drustvene_mreze,11,8
336,53,45-54,female,magistar,LinkedIn,60,1,1,drustvene_mreze,2,9
337,20,18-24,male,srednja_skola,YouTube,172,4,3,drustvene_mreze,6,6
338,31,25-34,male,magistar,YouTube,50,3,3,portal,6,7
339,18,18-24,female,magistar,Instagram,137,5,7,TV,1,6
340,46,45-54,male,prvostupnik,Facebook,34,2,5,TV,0,6
341,35,35-44,male,prvostupnik,Snapchat,81,3,4,portal,3,3
342,48,45-54,male,magistar,Facebook,16,2,1,drustvene_mreze,2,1
343,19,18-24,non-binary,srednja_skola,Snapchat,142,3,7,portal,9,8
344,21,18-24,male,srednja_skola,Instagram,218,4,6,drustvene_mreze,2,4
345,34,25-34,male,srednja_skola,Twitter,8,2,1,portal,3,4
346,19,18-24,male,srednja_skola,Instagram,132,6,5,drustvene_mreze,0,5
347,36,35-44,male,prvostupnik,LinkedIn,33,2,6,portal,2,10
348,33,25-34,male,srednja_skola,YouTube,52,3,2,TV,1,6
349,40,35-44,male,magistar,TikTok,89,2,5,drustvene_mreze,4,7
350,26,25-34,female,magistar,LinkedIn,25,4,3,drustvene_mreze,14,7
351,23,18-24,female,srednja_skola,Instagram,160,3,4,portal,6,4
352,25,25-34,female,srednja_skola,Instagram,126,4,5,drustvene_mreze,17,7
353,33,25-34,female,magistar,TikTok,146,4,3,drustvene_mreze,5,4
354,21,18-24,male,magistar,Instagram,154,3,4,drustvene_mreze,17,5
355,35,35-44,male,prvostupnik,Instagram,93,3,1,portal,2,6
356,21,18-24,male,magistar,Instagram,47,5,8,portal,13,8
357,25,25-34,male,magistar,Reddit,52,4,5,portal,9,6
358,19,18-24,male,srednja_skola,Instagram,93,5,6,drustvene_mreze,4,9
359,37,35-44,male,prvostupnik,YouTube,57,3,4,drustvene_mreze,6,2
360,23,18-24,female,prvostupnik,TikTok,178,4,3,portal,6,5
361,24,18-24,female,prvostupnik,Instagram,158,4,6,drustvene_mreze,8,9
362,34,25-34,female,srednja_skola,TikTok,104,4,3,drustvene_mreze,5,8
363,54,45-54,male,srednja_skola,Facebook,19,2,1,radio,1,7
364,22,18-24,female,srednja_skola,TikTok,86,2,4,portal,6,1
365,24,18-24,male,srednja_skola,TikTok,174,4,7,drustvene_mreze,5,5
366,65,55+,female,doktor,Facebook,26,2,5,drustvene_mreze,0,5
367,34,25-34,male,magistar,YouTube,40,4,3,radio,3,4
368,43,35-44,male,prvostupnik,YouTube,62,2,4,portal,6,8
369,48,45-54,female,srednja_skola,TikTok,29,1,1,TV,0,6
370,27,25-34,male,srednja_skola,YouTube,113,5,6,portal,14,5
371,25,25-34,male,magistar,LinkedIn,118,4,4,drustvene_mreze,4,6
372,22,18-24,male,srednja_skola,YouTube,190,4,8,TV,1,7
373,21,18-24,female,srednja_skola,TikTok,202,3,6,portal,1,8
374,53,45-54,male,srednja_skola,Facebook,24,2,4,radio,4,4
375,43,35-44,female,magistar,Facebook,6,4,1,TV,4,7
376,54,45-54,female,srednja_skola,Facebook,2,2,6,TV,2,5
377,23,18-24,male,srednja_skola,TikTok,101,4,6,drustvene_mreze,16,8
378,29,25-34,male,prvostupnik,TikTok,117,4,8,drustvene_mreze,0,8
379,30,25-34,male,prvostupnik,Reddit,41,2,3,radio,4,7
380,37,35-44,female,prvostupnik,Twitter,72,3,2,drustvene_mreze,6,7
381,36,35-44,male,prvostupnik,Facebook,76,3,3,drustvene_mreze,6,8
382,39,35-44,male,prvostupnik,LinkedIn,49,3,2,TV,5,9
383,49,45-54,female,magistar,Facebook,31,1,2,drustvene_mreze,0,7
384,21,18-24,female,prvostupnik,TikTok,142,2,5,portal,11,7
385,54,45-54,female,doktor,YouTube,29,1,4,TV,0,5
386,20,18-24,female,srednja_skola,TikTok,156,4,8,drustvene_mreze,7,8
387,32,25-34,male,magistar,Reddit,57,3,4,portal,3,9
388,62,55+,male,prvostupnik,Facebook,33,1,2,TV,1,8
389,40,35-44,female,magistar,Facebook,27,4,4,drustvene_mreze,11,8
390,23,18-24,female,srednja_skola,Instagram,116,5,2,TV,8,5
391,23,18-24,male,srednja_skola,Twitter,229,3,4,drustvene_mreze,11,8
392,19,18-24,non-binary,magistar,Instagram,104,4,8,portal,9,4
393,33,25-34,female,magistar,Twitter,77,3,3,portal,3,5
394,20,18-24,male,srednja_skola,TikTok,105,4,7,drustvene_mreze,4,8
395,23,18-24,male,prvostupnik,TikTok,89,4,8,drustvene_mreze,7,5
396,31,25-34,female,magistar,Twitter,32,3,4,TV,8,9
397,43,35-44,male,magistar,YouTube,30,2,2,portal,6,7
398,42,35-44,male,srednja_skola,YouTube,33,1,3,portal,1,7
399,44,35-44,female,prvostupnik,Facebook,79,4,3,TV,7,6
400,29,25-34,female,doktor,LinkedIn,21,2,2,drustvene_mreze,4,5
401,46,45-54,female,srednja_skola,Facebook,35,2,2,TV,0,7
402,32,25-34,female,srednja_skola,Instagram,69,2,2,print,3,5
403,18,18-24,female,magistar,TikTok,217,5,1,portal,5,5
404,67,55+,female,srednja_skola,Facebook,20,1,2,radio,4,7
405,50,45-54,male,prvostupnik,LinkedIn,63,1,5,TV,5,4
406,44,35-44,female,prvostupnik,Facebook,45,4,3,portal,6,7
407,27,25-34,female,srednja_skola,LinkedIn,113,3,5,drustvene_mreze,8,8
408,21,18-24,male,prvostupnik,YouTube,128,3,5,drustvene_mreze,4,7
409,41,35-44,male,srednja_skola,Instagram,38,2,5,drustvene_mreze,0,6
410,29,25-34,female,magistar,Instagram,145,4,8,drustvene_mreze,7,9
411,18,18-24,female,doktor,Instagram,181,4,7,portal,11,6
412,21,18-24,female,magistar,Reddit,149,2,6,TV,14,2
413,24,18-24,female,prvostupnik,Instagram,172,3,5,radio,8,6
414,62,55+,male,srednja_skola,Facebook,10,2,1,print,0,7
415,20,18-24,female,magistar,YouTube,123,4,4,TV,8,9
416,62,55+,male,srednja_skola,Facebook,32,2,3,radio,2,6
417,42,35-44,male,srednja_skola,Twitter,60,4,3,print,1,6
418,27,25-34,male,magistar,Instagram,82,4,10,drustvene_mreze,8,2
419,28,25-34,female,prvostupnik,Twitter,94,4,5,drustvene_mreze,1,3
420,30,25-34,male,srednja_skola,LinkedIn,97,4,3,portal,5,7
421,20,18-24,female,magistar,TikTok,135,2,4,drustvene_mreze,4,6
422,67,55+,female,prvostupnik,LinkedIn,29,2,4,TV,1,7
423,35,35-44,male,srednja_skola,LinkedIn,68,4,6,drustvene_mreze,6,5
424,39,35-44,female,srednja_skola,Twitter,34,5,4,drustvene_mreze,9,4
425,25,25-34,female,magistar,LinkedIn,122,2,8,drustvene_mreze,10,6
426,19,18-24,non-binary,srednja_skola,YouTube,60,3,5,drustvene_mreze,8,9
427,23,18-24,male,magistar,YouTube,85,3,5,portal,2,7
428,27,25-34,male,prvostupnik,Snapchat,52,5,4,print,10,4
429,40,35-44,male,prvostupnik,YouTube,65,1,4,TV,11,3
430,55,55+,male,doktor,Facebook,39,2,4,print,5,7
431,39,35-44,male,prvostupnik,Facebook,49,3,3,portal,4,7
432,20,18-24,female,prvostupnik,Snapchat,123,4,2,drustvene_mreze,12,9
433,44,35-44,male,srednja_skola,Facebook,104,3,2,radio,7,4
434,26,25-34,male,srednja_skola,Facebook,157,4,5,drustvene_mreze,4,7
435,22,18-24,male,srednja_skola,YouTube,183,5,10,drustvene_mreze,7,5
436,31,25-34,female,srednja_skola,YouTube,88,3,2,portal,1,7
437,37,35-44,male,srednja_skola,YouTube,31,2,6,portal,3,6
438,44,35-44,female,prvostupnik,Facebook,86,2,5,drustvene_mreze,6,6
439,69,55+,male,prvostupnik,LinkedIn,27,3,4,portal,4,6
440,37,35-44,male,magistar,Instagram,41,3,3,TV,6,6
441,28,25-34,male,magistar,YouTube,16,1,4,TV,1,8
442,18,18-24,female,magistar,TikTok,114,6,6,portal,4,7
443,50,45-54,male,srednja_skola,LinkedIn,31,1,1,portal,5,4
444,27,25-34,female,doktor,YouTube,159,4,5,drustvene_mreze,6,8
445,35,35-44,female,prvostupnik,Facebook,65,5,1,drustvene_mreze,3,9
446,45,45-54,male,magistar,YouTube,10,1,4,portal,1,4
447,38,35-44,female,prvostupnik,Facebook,46,4,3,drustvene_mreze,4,3
448,19,18-24,female,magistar,TikTok,111,7,10,radio,15,10
449,50,45-54,female,prvostupnik,Twitter,55,3,3,TV,1,10
450,23,18-24,male,magistar,Snapchat,125,4,8,portal,11,9
451,39,35-44,male,prvostupnik,Facebook,60,3,6,portal,6,7
452,37,35-44,male,prvostupnik,Instagram,36,3,4,drustvene_mreze,6,6
453,28,25-34,male,srednja_skola,Snapchat,165,4,4,drustvene_mreze,8,6
454,23,18-24,male,magistar,TikTok,190,5,4,drustvene_mreze,3,4
455,18,18-24,female,magistar,Instagram,199,4,3,drustvene_mreze,12,3
456,20,18-24,female,magistar,YouTube,138,4,6,TV,14,5
457,52,45-54,male,prvostupnik,Twitter,66,3,5,portal,0,4
458,22,18-24,male,magistar,LinkedIn,170,5,6,drustvene_mreze,7,5
459,36,35-44,female,prvostupnik,YouTube,35,3,4,print,0,5
460,40,35-44,male,prvostupnik,TikTok,76,3,3,drustvene_mreze,1,7
461,42,35-44,female,srednja_skola,LinkedIn,62,3,4,TV,3,2
462,42,35-44,female,prvostupnik,Facebook,60,2,4,drustvene_mreze,4,9
463,43,35-44,male,srednja_skola,TikTok,81,3,4,drustvene_mreze,4,5
464,18,18-24,female,srednja_skola,YouTube,120,3,4,drustvene_mreze,8,5
465,34,25-34,female,srednja_skola,Twitter,61,5,5,drustvene_mreze,0,8
466,24,18-24,female,prvostupnik,TikTok,165,3,3,portal,7,3
467,70,55+,male,prvostupnik,LinkedIn,20,1,3,drustvene_mreze,0,3
468,42,35-44,male,prvostupnik,Facebook,19,3,6,drustvene_mreze,4,6
469,23,18-24,male,magistar,Instagram,110,3,7,drustvene_mreze,9,7
470,39,35-44,male,srednja_skola,Facebook,94,3,4,drustvene_mreze,1,9
471,35,35-44,male,srednja_skola,LinkedIn,85,2,4,portal,4,7
472,50,45-54,female,magistar,LinkedIn,58,3,3,drustvene_mreze,0,4
473,22,18-24,male,magistar,LinkedIn,72,7,5,print,9,3
474,31,25-34,female,srednja_skola,Twitter,46,2,7,drustvene_mreze,3,7
475,50,45-54,female,doktor,YouTube,36,2,3,print,0,6
476,33,25-34,female,srednja_skola,YouTube,97,3,3,portal,4,5
477,71,55+,male,srednja_skola,Twitter,2,2,3,print,1,5
478,21,18-24,male,srednja_skola,YouTube,89,4,5,drustvene_mreze,5,5
479,20,18-24,female,srednja_skola,TikTok,163,4,5,drustvene_mreze,8,5
480,30,25-34,female,magistar,LinkedIn,92,2,4,portal,6,4
481,18,18-24,female,prvostupnik,Instagram,189,4,6,drustvene_mreze,14,8
482,39,35-44,female,srednja_skola,Twitter,26,3,3,radio,4,3
483,24,18-24,male,prvostupnik,TikTok,116,2,4,portal,8,8
484,51,45-54,female,magistar,Facebook,18,2,2,TV,2,6
485,27,25-34,female,srednja_skola,YouTube,59,4,5,drustvene_mreze,5,8
486,34,25-34,female,prvostupnik,YouTube,107,4,4,portal,5,4
487,41,35-44,male,srednja_skola,Facebook,77,4,4,drustvene_mreze,0,8
488,18,18-24,male,srednja_skola,Snapchat,184,5,6,drustvene_mreze,8,4
489,25,25-34,female,magistar,LinkedIn,135,3,6,portal,8,4
490,28,25-34,female,magistar,TikTok,88,4,3,drustvene_mreze,15,5
491,46,45-54,male,prvostupnik,Facebook,62,1,6,print,3,9
492,58,55+,male,magistar,Facebook,25,1,1,TV,0,7
493,27,25-34,female,srednja_skola,TikTok,154,3,9,drustvene_mreze,22,7
494,23,18-24,male,prvostupnik,Snapchat,157,4,6,drustvene_mreze,14,3
495,41,35-44,male,prvostupnik,Facebook,70,2,4,portal,7,3
496,39,35-44,female,prvostupnik,YouTube,60,4,4,drustvene_mreze,6,7
497,37,35-44,male,prvostupnik,LinkedIn,60,2,2,drustvene_mreze,3,6
498,36,35-44,male,prvostupnik,Facebook,95,1,2,TV,7,6
499,54,45-54,male,prvostupnik,Reddit,44,1,6,radio,2,6
500,21,18-24,male,prvostupnik,YouTube,87,3,8,portal,5,6
